Sentinel_ID,Date,Chla_Value,Turbidity_NTU,Shrinkage_Percent
SAS1412_001,2020-08-01,18.952433,45.44978999999999,56.445130000000006
SAS1412_002,2020-08-02,18.842433,45.55455499999999,56.418130000000005
SAS1412_003,2020-08-03,18.872433,45.481674999999996,56.45913
SAS1412_004,2020-08-04,19.042433,45.44978999999999,56.50613
SAS1412_005,2020-08-05,18.892433,45.518115,56.540130000000005
SAS1412_006,2020-08-06,19.042433,45.536334999999994,56.50613
SAS1412_007,2020-08-07,19.052433,45.34047,56.510130000000004
SAS1412_008,2020-08-08,19.142433,45.572775,56.522130000000004
SAS1412_009,2020-08-09,19.152433,45.399685,56.52713
SAS1412_010,2020-08-10,19.002433,45.595549999999996,56.55713
SAS1412_011,2020-08-11,19.052433,45.572775,56.58413
SAS1412_012,2020-08-12,19.112433,45.30403,56.57813
SAS1412_013,2020-08-13,19.222433,45.417905,56.55613000000001
SAS1412_014,2020-08-14,19.082432999999998,45.19471,56.53313
SAS1412_015,2020-08-15,19.062433,45.51356,56.52113
SAS1412_016,2020-08-16,18.932433,45.60010499999999,56.549130000000005
SAS1412_017,2020-08-17,19.022433,45.24936999999999,56.58013
SAS1412_018,2020-08-18,19.212432999999997,45.545445,56.55413
SAS1412_019,2020-08-19,19.322433,45.55455499999999,56.56913
SAS1412_020,2020-08-20,19.192433,45.358689999999996,56.59113000000001
SAS1412_021,2020-08-21,19.322433,45.422459999999994,56.63313000000001
SAS1412_022,2020-08-22,19.152433,45.618325,56.62213
SAS1412_023,2020-08-23,19.322433,45.28581,56.659130000000005
SAS1412_024,2020-08-24,19.312433,45.577329999999996,56.65413000000001
SAS1412_025,2020-08-25,19.352432999999998,45.490784999999995,56.680130000000005
SAS1412_026,2020-08-26,19.362433,45.563665,56.68413000000001
SAS1412_027,2020-08-27,19.392433,45.253925,56.65513
SAS1412_028,2020-08-28,19.332432999999998,45.62743499999999,56.62913
SAS1412_029,2020-08-29,19.142433,45.518115,56.65413000000001
SAS1412_030,2020-08-30,19.062433,45.281255,56.638130000000004
SAS1412_031,2020-08-31,19.062433,45.31769499999999,56.635130000000004
SAS1412_032,2020-09-01,19.082432999999998,45.345025,56.67313
SAS1412_033,2020-09-02,19.062433,45.395129999999995,56.638130000000004
SAS1412_034,2020-09-03,19.022433,45.404239999999994,56.63313000000001
SAS1412_035,2020-09-04,18.972433,45.572775,56.62013
SAS1412_036,2020-09-05,18.932433,45.60010499999999,56.665130000000005
SAS1412_037,2020-09-06,19.102432999999998,45.445235,56.668130000000005
SAS1412_038,2020-09-07,18.982433,45.427015,56.70813
SAS1412_039,2020-09-08,18.892433,45.595549999999996,56.74113
SAS1412_040,2020-09-09,19.072433,45.41335,56.704130000000006
SAS1412_041,2020-09-10,19.102432999999998,45.454344999999996,56.66413
SAS1412_042,2020-09-11,19.232433,45.19471,56.70913
SAS1412_043,2020-09-12,19.262432999999998,45.58188499999999,56.68113000000001
SAS1412_044,2020-09-13,19.222433,45.622879999999995,56.647130000000004
SAS1412_045,2020-09-14,19.382433,45.46800999999999,56.632130000000004
SAS1412_046,2020-09-15,19.272433,45.613769999999995,56.62313
SAS1412_047,2020-09-16,19.132433,45.3678,56.656130000000005
SAS1412_048,2020-09-17,19.152433,45.326805,56.67313
SAS1412_049,2020-09-18,19.022433,45.235704999999996,56.68413000000001
SAS1412_050,2020-09-19,19.032432999999997,45.281255,56.70913
SAS1412_051,2020-09-20,19.222433,45.44068,56.674130000000005
SAS1412_052,2020-09-21,19.152433,45.34047,56.69113
SAS1412_053,2020-09-22,19.282432999999997,45.404239999999994,56.653130000000004
SAS1412_054,2020-09-23,19.182433,45.463454999999996,56.62613
SAS1412_055,2020-09-24,19.262432999999998,45.22204,56.66413
SAS1412_056,2020-09-25,19.192433,45.349579999999996,56.687129999999996
SAS1412_057,2020-09-26,19.152433,45.527224999999994,56.70813
SAS1412_058,2020-09-27,19.002433,45.572775,56.72213000000001
SAS1412_059,2020-09-28,18.912433,45.58188499999999,56.76813
SAS1412_060,2020-09-29,19.092433,45.395129999999995,56.772130000000004
SAS1412_061,2020-09-30,19.242433,45.28581,56.796130000000005
SAS1412_062,2020-10-01,19.142433,45.636545,56.760130000000004
SAS1412_063,2020-10-02,19.252433,45.299475,56.73513
SAS1412_064,2020-10-03,19.422432999999998,45.53178,56.78213000000001
SAS1412_065,2020-10-04,19.242433,45.390575,56.73713000000001
SAS1412_066,2020-10-05,19.072433,45.235704999999996,56.769130000000004
SAS1412_067,2020-10-06,18.972433,45.263034999999995,56.81813
SAS1412_068,2020-10-07,18.792433,45.372355,56.805130000000005
SAS1412_069,2020-10-08,18.662433,45.399685,56.77113
SAS1412_070,2020-10-09,18.722433,45.190155,56.81613
SAS1412_071,2020-10-10,18.792433,45.618325,56.85413
SAS1412_072,2020-10-11,18.862433,45.46800999999999,56.89613
SAS1412_073,2020-10-12,18.722433,45.32225,56.92513000000001
SAS1412_074,2020-10-13,18.812433,45.404239999999994,56.92313
SAS1412_075,2020-10-14,18.712432999999997,45.56822,56.92613
SAS1412_076,2020-10-15,18.742433,45.25848,56.93213
SAS1412_077,2020-10-16,18.812433,45.372355,56.96313000000001
SAS1412_078,2020-10-17,18.852432999999998,45.263034999999995,56.91413
SAS1412_079,2020-10-18,18.812433,45.590995,56.86413
SAS1412_080,2020-10-19,18.842433,45.44978999999999,56.88913000000001
SAS1412_081,2020-10-20,18.932433,45.53178,56.93413000000001
SAS1412_082,2020-10-21,18.832432999999998,45.372355,56.97813000000001
SAS1412_083,2020-10-22,19.012432999999998,45.23114999999999,56.94413
SAS1412_084,2020-10-23,19.182433,45.22204,56.912130000000005
SAS1412_085,2020-10-24,19.252433,45.404239999999994,56.92513000000001
SAS1412_086,2020-10-25,19.322433,45.55911,56.96613000000001
SAS1412_087,2020-10-26,19.162433,45.19471,56.99613000000001
SAS1412_088,2020-10-27,19.092433,45.21293,56.98513
SAS1412_089,2020-10-28,18.902433,45.518115,56.98113000000001
SAS1412_090,2020-10-29,18.842433,45.23114999999999,56.94113
SAS1412_091,2020-10-30,18.662433,45.354135,56.97613
SAS1412_092,2020-10-31,18.832432999999998,45.54089,56.99713
SAS1412_093,2020-11-01,18.992433,45.595549999999996,56.98113000000001
SAS1412_094,2020-11-02,18.872433,45.24026,56.96913000000001
SAS1412_095,2020-11-03,18.972433,45.358689999999996,57.00113
SAS1412_096,2020-11-04,18.952433,45.4589,57.00313
SAS1412_097,2020-11-05,19.102432999999998,45.20381999999999,56.98113000000001
SAS1412_098,2020-11-06,19.212432999999997,45.345025,57.02413
SAS1412_099,2020-11-07,19.362433,45.436125,56.99813
SAS1412_100,2020-11-08,19.272433,45.572775,57.00013
SAS1412_101,2020-11-09,19.122433,45.4589,57.03313
SAS1412_102,2020-11-10,19.102432999999998,45.185599999999994,57.05013000000001
SAS1412_103,2020-11-11,19.242433,45.613769999999995,57.055130000000005
SAS1412_104,2020-11-12,19.442433,45.472565,57.04713000000001
SAS1412_105,2020-11-13,19.392433,45.572775,57.02313000000001
SAS1412_106,2020-11-14,19.452433,45.613769999999995,57.070130000000006
SAS1412_107,2020-11-15,19.342433,45.41335,57.11813000000001
SAS1412_108,2020-11-16,19.222433,45.48623,57.12013
SAS1412_109,2020-11-17,19.372433,45.372355,57.12313
SAS1412_110,2020-11-18,19.282432999999997,45.36324499999999,57.12313
SAS1412_111,2020-11-19,19.262432999999998,45.595549999999996,57.12313
SAS1412_112,2020-11-20,19.282432999999997,45.263034999999995,57.08113
SAS1412_113,2020-11-21,19.222433,45.263034999999995,57.11113
SAS1412_114,2020-11-22,19.302433,45.33136,57.12313
SAS1412_115,2020-11-23,19.242433,45.2767,57.10113
SAS1412_116,2020-11-24,19.122433,45.235704999999996,57.05713
SAS1412_117,2020-11-25,19.142433,45.509004999999995,57.06013
SAS1412_118,2020-11-26,19.142433,45.34047,57.03813000000001
SAS1412_119,2020-11-27,19.022433,45.33591499999999,56.99713
SAS1412_120,2020-11-28,19.042433,45.308584999999994,56.98913
SAS1412_121,2020-11-29,18.862433,45.281255,56.97913
SAS1412_122,2020-11-30,18.792433,45.463454999999996,56.96013000000001
SAS1412_123,2020-12-01,18.982433,45.217484999999996,56.927130000000005
SAS1412_124,2020-12-02,19.062433,45.536334999999994,56.92213000000001
SAS1412_125,2020-12-03,19.182433,45.399685,56.921130000000005
SAS1412_126,2020-12-04,19.172432999999998,45.499895,56.87613
SAS1412_127,2020-12-05,19.182433,45.536334999999994,56.91613000000001
SAS1412_128,2020-12-06,19.252433,45.56822,56.94113
SAS1412_129,2020-12-07,19.242433,45.622879999999995,56.940129999999996
SAS1412_130,2020-12-08,19.162433,45.26759,56.97413
SAS1412_131,2020-12-09,19.182433,45.33591499999999,56.933130000000006
SAS1412_132,2020-12-10,19.022433,45.376909999999995,56.91413
SAS1412_133,2020-12-11,18.962432999999997,45.46800999999999,56.924130000000005
SAS1412_134,2020-12-12,19.012432999999998,45.499895,56.96813
SAS1412_135,2020-12-13,19.172432999999998,45.34047,56.95913
SAS1412_136,2020-12-14,19.352432999999998,45.55911,56.97813000000001
SAS1412_137,2020-12-15,19.172432999999998,45.609215,56.954130000000006
SAS1412_138,2020-12-16,19.132433,45.354135,56.97613
SAS1412_139,2020-12-17,19.112433,45.622879999999995,56.942130000000006
SAS1412_140,2020-12-18,19.022433,45.499895,56.93413000000001
SAS1412_141,2020-12-19,19.132433,45.299475,56.90713000000001
SAS1412_142,2020-12-20,19.282432999999997,45.38602,56.906130000000005
SAS1412_143,2020-12-21,19.152433,45.609215,56.91113
SAS1412_144,2020-12-22,19.282432999999997,45.55455499999999,56.90813
SAS1412_145,2020-12-23,19.152433,45.23114999999999,56.90213
SAS1412_146,2020-12-24,19.192433,45.20381999999999,56.885130000000004
SAS1412_147,2020-12-25,19.272433,45.217484999999996,56.91113
SAS1412_148,2020-12-26,19.422432999999998,45.26759,56.940129999999996
SAS1412_149,2020-12-27,19.262432999999998,45.577329999999996,56.89913
SAS1412_150,2020-12-28,19.342433,45.217484999999996,56.93413000000001
SAS1412_151,2020-12-29,19.412433,45.490784999999995,56.97113
SAS1412_152,2020-12-30,19.432433,45.44978999999999,56.96513
SAS1412_153,2020-12-31,19.352432999999998,45.399685,56.99113
SAS1412_154,2021-01-01,18.952433,45.30403,56.97713
SAS1412_155,2021-01-02,18.942433,45.54089,56.95013
SAS1412_156,2021-01-03,19.052433,45.272144999999995,57.00013
SAS1412_157,2021-01-04,18.862433,45.144605,56.97413
SAS1412_158,2021-01-05,18.872433,45.518115,56.99313000000001
SAS1412_159,2021-01-06,18.952433,45.25848,56.98113000000001
SAS1412_160,2021-01-07,18.832432999999998,45.463454999999996,56.99113
SAS1412_161,2021-01-08,18.892433,45.358689999999996,56.97813000000001
SAS1412_162,2021-01-09,18.702433,45.217484999999996,56.94313
SAS1412_163,2021-01-10,18.762432999999998,45.30403,56.98813
SAS1412_164,2021-01-11,18.852432999999998,45.52267,57.01413000000001
SAS1412_165,2021-01-12,18.982433,45.28581,56.98313
SAS1412_166,2021-01-13,18.902433,45.26759,56.99713
SAS1412_167,2021-01-14,18.922432999999998,45.130939999999995,56.96713
SAS1412_168,2021-01-15,18.822433,45.281255,56.95613
SAS1412_169,2021-01-16,18.702433,45.235704999999996,56.91013000000001
SAS1412_170,2021-01-17,18.582432999999998,45.23114999999999,56.924130000000005
SAS1412_171,2021-01-18,18.762432999999998,45.14916,56.90113000000001
SAS1412_172,2021-01-19,18.672432999999998,45.55455499999999,56.891130000000004
SAS1412_173,2021-01-20,18.622433,45.404239999999994,56.915130000000005
SAS1412_174,2021-01-21,18.602432999999998,45.472565,56.87513
SAS1412_175,2021-01-22,18.772433,45.44978999999999,56.91913000000001
SAS1412_176,2021-01-23,18.942433,45.536334999999994,56.89513000000001
SAS1412_177,2021-01-24,18.842433,45.217484999999996,56.906130000000005
SAS1412_178,2021-01-25,18.972433,45.16738,56.939130000000006
SAS1412_179,2021-01-26,18.962432999999997,45.235704999999996,56.96813
SAS1412_180,2021-01-27,18.952433,45.436125,56.94113
SAS1412_181,2021-01-28,18.762432999999998,45.244814999999996,56.95513
SAS1412_182,2021-01-29,18.682433,45.24936999999999,56.98013
SAS1412_183,2021-01-30,18.832432999999998,45.299475,56.97113
SAS1412_184,2021-01-31,18.662433,45.14916,56.954130000000006
SAS1412_185,2021-02-01,18.772433,45.263034999999995,56.95013
SAS1412_186,2021-02-02,18.682433,45.2767,56.924130000000005
SAS1412_187,2021-02-03,18.882433,45.527224999999994,56.891130000000004
SAS1412_188,2021-02-04,18.692433,45.577329999999996,56.912130000000005
SAS1412_189,2021-02-05,18.692433,45.235704999999996,56.91913000000001
SAS1412_190,2021-02-06,18.712432999999997,45.390575,56.882130000000004
SAS1412_191,2021-02-07,18.862433,45.14916,56.930130000000005
SAS1412_192,2021-02-08,18.692433,45.25848,56.891130000000004
SAS1412_193,2021-02-09,18.522433,45.454344999999996,56.92913
SAS1412_194,2021-02-10,18.482433,45.454344999999996,56.92313
SAS1412_195,2021-02-11,18.522433,45.54089,56.90213
SAS1412_196,2021-02-12,18.612433,45.417905,56.85313000000001
SAS1412_197,2021-02-13,18.522433,45.19471,56.85613000000001
SAS1412_198,2021-02-14,18.712432999999997,45.23114999999999,56.86113
SAS1412_199,2021-02-15,18.902433,45.481674999999996,56.85513
SAS1412_200,2021-02-16,18.942433,45.235704999999996,56.88313000000001
SAS1412_201,2021-02-17,19.052433,45.354135,56.85213
SAS1412_202,2021-02-18,19.022433,45.153715,56.89013
SAS1412_203,2021-02-19,19.062433,45.33591499999999,56.86213000000001
SAS1412_204,2021-02-20,19.082432999999998,45.244814999999996,56.817130000000006
SAS1412_205,2021-02-21,19.182433,45.417905,56.805130000000005
SAS1412_206,2021-02-22,19.182433,45.55911,56.84913
SAS1412_207,2021-02-23,19.282432999999997,45.126385,56.83613
SAS1412_208,2021-02-24,19.442433,45.33591499999999,56.85913000000001
SAS1412_209,2021-02-25,19.402433,45.181045,56.85513
SAS1412_210,2021-02-26,19.402433,45.33591499999999,56.88413
SAS1412_211,2021-02-27,19.402433,45.44978999999999,56.912130000000005
SAS1412_212,2021-02-28,19.202433,45.171935,56.89313
SAS1412_213,2021-03-01,19.212432999999997,45.23114999999999,56.92213000000001
SAS1412_214,2021-03-02,19.302433,45.290364999999994,56.96213
SAS1412_215,2021-03-03,19.282432999999997,45.50445,56.99913000000001
SAS1412_216,2021-03-04,19.442433,45.181045,57.02013000000001
SAS1412_217,2021-03-05,19.432433,45.41335,57.00913
SAS1412_218,2021-03-06,19.362433,45.263034999999995,56.96513
SAS1412_219,2021-03-07,19.362433,45.43157,56.97113
SAS1412_220,2021-03-08,19.282432999999997,45.490784999999995,56.98013
SAS1412_221,2021-03-09,19.312433,45.518115,56.99513
SAS1412_222,2021-03-10,19.342433,45.2767,57.010130000000004
SAS1412_223,2021-03-11,19.282432999999997,45.326805,57.031130000000005
SAS1412_224,2021-03-12,19.402433,45.185599999999994,57.08013
SAS1412_225,2021-03-13,19.312433,45.545445,57.06013
SAS1412_226,2021-03-14,19.262432999999998,45.38602,57.09313
SAS1412_227,2021-03-15,19.302433,45.358689999999996,57.055130000000005
SAS1412_228,2021-03-16,19.402433,45.176489999999994,57.013130000000004
SAS1412_229,2021-03-17,19.222433,45.345025,57.02313000000001
SAS1412_230,2021-03-18,19.302433,45.34047,57.061130000000006
SAS1412_231,2021-03-19,19.142433,45.509004999999995,57.10413
SAS1412_232,2021-03-20,19.052433,45.281255,57.12313
SAS1412_233,2021-03-21,19.022433,45.44978999999999,57.09513
SAS1412_234,2021-03-22,18.982433,45.33136,57.06313
SAS1412_235,2021-03-23,19.172432999999998,45.454344999999996,57.03513000000001
SAS1412_236,2021-03-24,18.982433,45.185599999999994,56.98913
SAS1412_237,2021-03-25,18.922432999999998,45.24026,56.97313
SAS1412_238,2021-03-26,18.812433,45.577329999999996,57.007130000000004
SAS1412_239,2021-03-27,18.742433,45.427015,57.00313
SAS1412_240,2021-03-28,18.932433,45.51356,56.95613
SAS1412_241,2021-03-29,18.982433,45.25848,56.99813
SAS1412_242,2021-03-30,19.062433,45.427015,56.99013000000001
SAS1412_243,2021-03-31,18.872433,45.217484999999996,57.03013
SAS1412_244,2021-04-01,18.762432999999998,45.417905,57.00013
SAS1412_245,2021-04-02,18.782432999999997,45.31769499999999,57.00413
SAS1412_246,2021-04-03,18.732433,45.208375000000004,57.043130000000005
SAS1412_247,2021-04-04,18.912433,45.472565,57.02313000000001
SAS1412_248,2021-04-05,18.942433,45.22204,57.02313000000001
SAS1412_249,2021-04-06,18.772433,45.34047,57.049130000000005
SAS1412_250,2021-04-07,18.952433,45.563665,57.05413
SAS1412_251,2021-04-08,18.822433,45.436125,57.09413000000001
SAS1412_252,2021-04-09,18.702433,45.144605,57.04713000000001
SAS1412_253,2021-04-10,18.542433,45.140049999999995,57.031130000000005
SAS1412_254,2021-04-11,18.742433,45.33136,57.07713
SAS1412_255,2021-04-12,18.702433,45.354135,57.08413
SAS1412_256,2021-04-13,18.822433,45.417905,57.08513000000001
SAS1412_257,2021-04-14,18.942433,45.563665,57.10613000000001
SAS1412_258,2021-04-15,18.952433,45.176489999999994,57.062129999999996
SAS1412_259,2021-04-16,19.082432999999998,45.144605,57.05313000000001
SAS1412_260,2021-04-17,19.092433,45.34047,57.070130000000006
SAS1412_261,2021-04-18,19.052433,45.481674999999996,57.10913000000001
SAS1412_262,2021-04-19,19.052433,45.372355,57.12313
SAS1412_263,2021-04-20,19.162433,45.54089,57.079130000000006
SAS1412_264,2021-04-21,19.042433,45.130939999999995,57.05013000000001
SAS1412_265,2021-04-22,19.132433,45.29492,57.09113000000001
SAS1412_266,2021-04-23,19.032432999999997,45.176489999999994,57.09913
SAS1412_267,2021-04-24,19.152433,45.135495,57.10613000000001
SAS1412_268,2021-04-25,18.972433,45.54089,57.11613
SAS1412_269,2021-04-26,19.102432999999998,45.472565,57.12313
SAS1412_270,2021-04-27,19.162433,45.281255,57.12313
SAS1412_271,2021-04-28,19.002433,45.354135,57.09413000000001
SAS1412_272,2021-04-29,18.842433,45.518115,57.11913
SAS1412_273,2021-04-30,18.832432999999998,45.49533999999999,57.10913000000001
SAS1412_274,2021-05-01,18.792433,45.577329999999996,57.064130000000006
SAS1412_275,2021-05-02,18.822433,45.46800999999999,57.04813
SAS1412_276,2021-05-03,18.832432999999998,45.272144999999995,57.034130000000005
SAS1412_277,2021-05-04,18.932433,45.51356,57.06013
SAS1412_278,2021-05-05,18.962432999999997,45.490784999999995,57.03813000000001
SAS1412_279,2021-05-06,19.002433,45.563665,57.079130000000006
SAS1412_280,2021-05-07,19.092433,45.26759,57.034130000000005
SAS1412_281,2021-05-08,19.122433,45.253925,57.064130000000006
SAS1412_282,2021-05-09,19.062433,45.463454999999996,57.055130000000005
SAS1412_283,2021-05-10,18.962432999999997,45.31314,57.09713000000001
SAS1412_284,2021-05-11,18.922432999999998,45.253925,57.11413
SAS1412_285,2021-05-12,18.932433,45.158269999999995,57.09013
SAS1412_286,2021-05-13,18.902433,45.24026,57.09713000000001
SAS1412_287,2021-05-14,18.952433,45.253925,57.05413
SAS1412_288,2021-05-15,18.982433,45.153715,57.03613
SAS1412_289,2021-05-16,19.072433,45.30403,57.00813000000001
SAS1412_290,2021-05-17,19.162433,45.308584999999994,56.98813
SAS1412_291,2021-05-18,19.062433,45.21293,57.007130000000004
SAS1412_292,2021-05-19,18.902433,45.404239999999994,57.04113000000001
SAS1412_293,2021-05-20,19.022433,45.181045,57.09013
SAS1412_294,2021-05-21,19.222433,45.38146499999999,57.04813
SAS1412_295,2021-05-22,19.112433,45.390575,57.028130000000004
SAS1412_296,2021-05-23,19.152433,45.472565,57.07713
SAS1412_297,2021-05-24,18.992433,45.272144999999995,57.08413
SAS1412_298,2021-05-25,19.092433,45.55,57.06013
SAS1412_299,2021-05-26,19.262432999999998,45.235704999999996,57.07513
SAS1412_300,2021-05-27,19.362433,45.563665,57.08413
SAS1412_301,2021-05-28,19.322433,45.153715,57.08413
SAS1412_302,2021-05-29,19.432433,45.3678,57.11413
SAS1412_303,2021-05-30,19.252433,45.481674999999996,57.12313
SAS1412_304,2021-05-31,19.152433,45.290364999999994,57.12313
SAS1412_305,2021-06-01,19.142433,45.140049999999995,57.12313
SAS1412_306,2021-06-02,19.172432999999998,45.4589,57.08913
SAS1412_307,2021-06-03,19.102432999999998,45.32225,57.06613
SAS1412_308,2021-06-04,19.072433,45.24936999999999,57.04813
SAS1412_309,2021-06-05,19.102432999999998,45.158269999999995,57.052130000000005
SAS1412_310,2021-06-06,19.162433,45.436125,57.07113
SAS1412_311,2021-06-07,19.322433,45.126385,57.10713
SAS1412_312,2021-06-08,19.132433,45.43157,57.09113000000001
SAS1412_313,2021-06-09,19.052433,45.185599999999994,57.05713
SAS1412_314,2021-06-10,19.122433,45.16282499999999,57.03013
SAS1412_315,2021-06-11,19.302433,45.272144999999995,56.98913
SAS1412_316,2021-06-12,19.322433,45.135495,57.00613
SAS1412_317,2021-06-13,19.332432999999998,45.572775,57.013130000000004
SAS1412_318,2021-06-14,19.202433,45.16282499999999,56.97713
SAS1412_319,2021-06-15,19.052433,45.345025,56.98513
SAS1412_320,2021-06-16,19.192433,45.49533999999999,56.98913
SAS1412_321,2021-06-17,19.272433,45.253925,57.00213000000001
SAS1412_322,2021-06-18,19.412433,45.126385,57.034130000000005
SAS1412_323,2021-06-19,19.362433,45.16282499999999,57.05613000000001
SAS1412_324,2021-06-20,19.422432999999998,45.208375000000004,57.07413
SAS1412_325,2021-06-21,19.432433,45.208375000000004,57.09513
SAS1412_326,2021-06-22,19.232433,45.463454999999996,57.09513
SAS1412_327,2021-06-23,19.362433,45.272144999999995,57.10513
SAS1412_328,2021-06-24,19.352432999999998,45.33136,57.12313
SAS1412_329,2021-06-25,19.252433,45.33591499999999,57.12313
SAS1412_330,2021-06-26,19.402433,45.527224999999994,57.12313
SAS1412_331,2021-06-27,19.382433,45.19471,57.11213000000001
SAS1412_332,2021-06-28,19.222433,45.235704999999996,57.12313
SAS1412_333,2021-06-29,19.372433,45.436125,57.12313
SAS1412_334,2021-06-30,19.272433,45.472565,57.12013
SAS1412_335,2021-07-01,19.442433,45.408795,57.10713
SAS1412_336,2021-07-02,19.372433,45.33591499999999,57.11613
SAS1412_337,2021-07-03,19.442433,45.454344999999996,57.12313
SAS1412_338,2021-07-04,19.432433,45.354135,57.10913000000001
SAS1412_339,2021-07-05,19.412433,45.55,57.08513000000001
SAS1412_340,2021-07-06,19.412433,45.445235,57.09113000000001
SAS1412_341,2021-07-07,19.392433,45.472565,57.08513000000001
SAS1412_342,2021-07-08,19.262432999999998,45.408795,57.12013
SAS1412_343,2021-07-09,19.232433,45.226594999999996,57.12313
SAS1412_344,2021-07-10,19.282432999999997,45.171935,57.12313
SAS1412_345,2021-07-11,19.452433,45.19471,57.08813000000001
SAS1412_346,2021-07-12,19.322433,45.563665,57.12313
SAS1412_347,2021-07-13,19.212432999999997,45.326805,57.11113
SAS1412_348,2021-07-14,19.212432999999997,45.130939999999995,57.09713000000001
SAS1412_349,2021-07-15,19.032432999999997,45.199265,57.08313
SAS1412_350,2021-07-16,18.872433,45.53178,57.04713000000001
SAS1412_351,2021-07-17,18.852432999999998,45.29492,57.09213
SAS1412_352,2021-07-18,18.952433,45.38146499999999,57.05413
SAS1412_353,2021-07-19,18.782432999999997,45.244814999999996,57.10013000000001
SAS1412_354,2021-07-20,18.692433,45.53178,57.07113
SAS1412_355,2021-07-21,18.612433,45.290364999999994,57.10313000000001
SAS1412_356,2021-07-22,18.512432999999998,45.436125,57.12313
SAS1412_357,2021-07-23,18.662433,45.395129999999995,57.12313
SAS1412_358,2021-07-24,18.642433,45.509004999999995,57.12313
SAS1412_359,2021-07-25,18.762432999999998,45.208375000000004,57.12313
SAS1412_360,2021-07-26,18.852432999999998,45.135495,57.12313
SAS1412_361,2021-07-27,18.962432999999997,45.427015,57.10613000000001
SAS1412_362,2021-07-28,18.832432999999998,45.185599999999994,57.12313
SAS1412_363,2021-07-29,18.902433,45.29492,57.08613
SAS1412_364,2021-07-30,18.902433,45.326805,57.07413
SAS1412_365,2021-07-31,18.822433,45.244814999999996,57.043130000000005
SAS1412_366,2021-08-01,18.762432999999998,45.263034999999995,57.05013000000001
SAS1412_367,2021-08-02,18.712432999999997,45.29492,57.05013000000001
SAS1412_368,2021-08-03,18.852432999999998,45.130939999999995,57.09113000000001
SAS1412_369,2021-08-04,18.702433,45.31769499999999,57.058130000000006
SAS1412_370,2021-08-05,18.872433,45.38602,57.07513
SAS1412_371,2021-08-06,19.062433,45.536334999999994,57.10113
SAS1412_372,2021-08-07,19.042433,45.290364999999994,57.061130000000006
SAS1412_373,2021-08-08,19.032432999999997,45.427015,57.10913000000001
SAS1412_374,2021-08-09,19.172432999999998,45.29492,57.08713
SAS1412_375,2021-08-10,19.212432999999997,45.499895,57.09413000000001
SAS1412_376,2021-08-11,19.362433,45.545445,57.11513000000001
SAS1412_377,2021-08-12,19.322433,45.577329999999996,57.10313000000001
SAS1412_378,2021-08-13,19.402433,45.12183,57.09213
SAS1412_379,2021-08-14,19.372433,45.48623,57.12313
SAS1412_380,2021-08-15,19.402433,45.545445,57.10213
SAS1412_381,2021-08-16,19.272433,45.51356,57.08313
SAS1412_382,2021-08-17,19.212432999999997,45.358689999999996,57.07413
SAS1412_383,2021-08-18,19.162433,45.272144999999995,57.034130000000005
SAS1412_384,2021-08-19,19.252433,45.422459999999994,57.040130000000005
SAS1412_385,2021-08-20,19.132433,45.33136,57.02713
SAS1412_386,2021-08-21,19.002433,45.33591499999999,57.05913000000001
SAS1412_387,2021-08-22,18.892433,45.44068,57.09613
SAS1412_388,2021-08-23,18.742433,45.404239999999994,57.08813000000001
SAS1412_389,2021-08-24,18.652433,45.226594999999996,57.12313
SAS1412_390,2021-08-25,18.632433,45.153715,57.12313
SAS1412_391,2021-08-26,18.812433,45.518115,57.12313
SAS1412_392,2021-08-27,18.992433,45.536334999999994,57.10113
SAS1412_393,2021-08-28,19.052433,45.185599999999994,57.07713
SAS1412_394,2021-08-29,19.162433,45.22204,57.03813000000001
SAS1412_395,2021-08-30,19.342433,45.53178,57.06913
SAS1412_396,2021-08-31,19.262432999999998,45.14916,57.046130000000005
SAS1412_397,2021-09-01,19.132433,45.50445,57.028130000000004
SAS1412_398,2021-09-02,19.002433,45.50445,57.01713000000001
SAS1412_399,2021-09-03,19.102432999999998,45.563665,57.05613000000001
SAS1412_400,2021-09-04,18.942433,45.53178,57.09413000000001
SAS1412_401,2021-09-05,18.982433,45.445235,57.05713
SAS1412_402,2021-09-06,19.102432999999998,45.226594999999996,57.06313
SAS1412_403,2021-09-07,19.272433,45.208375000000004,57.061130000000006
SAS1412_404,2021-09-08,19.212432999999997,45.49533999999999,57.03313
SAS1412_405,2021-09-09,19.192433,45.4589,57.05913000000001
SAS1412_406,2021-09-10,19.132433,45.28581,57.03013
SAS1412_407,2021-09-11,19.312433,45.563665,57.07413
SAS1412_408,2021-09-12,19.412433,45.281255,57.03313
SAS1412_409,2021-09-13,19.432433,45.126385,57.08113
SAS1412_410,2021-09-14,19.372433,45.563665,57.052130000000005
SAS1412_411,2021-09-15,19.342433,45.16282499999999,57.08213000000001
SAS1412_412,2021-09-16,19.372433,45.4589,57.04213
SAS1412_413,2021-09-17,19.222433,45.55911,56.99513
SAS1412_414,2021-09-18,19.112433,45.158269999999995,57.01413000000001
SAS1412_415,2021-09-19,19.192433,45.4589,57.01113000000001
SAS1412_416,2021-09-20,19.212432999999997,45.545445,56.96413
SAS1412_417,2021-09-21,19.342433,45.272144999999995,56.924130000000005
SAS1412_418,2021-09-22,19.332432999999998,45.272144999999995,56.88013000000001
SAS1412_419,2021-09-23,19.302433,45.130939999999995,56.88113
SAS1412_420,2021-09-24,19.222433,45.509004999999995,56.86113
SAS1412_421,2021-09-25,19.042433,45.153715,56.814130000000006
SAS1412_422,2021-09-26,18.852432999999998,45.30403,56.84813
SAS1412_423,2021-09-27,18.742433,45.509004999999995,56.82813
SAS1412_424,2021-09-28,18.752433,45.509004999999995,56.79513
SAS1412_425,2021-09-29,18.832432999999998,45.509004999999995,56.81813
SAS1412_426,2021-09-30,18.802433,45.23114999999999,56.84013
SAS1412_427,2021-10-01,18.722433,45.572775,56.817130000000006
SAS1412_428,2021-10-02,18.562433,45.217484999999996,56.814130000000006
SAS1412_429,2021-10-03,18.722433,45.354135,56.82513
SAS1412_430,2021-10-04,18.612433,45.144605,56.85813
SAS1412_431,2021-10-05,18.472433,45.23114999999999,56.86013
SAS1412_432,2021-10-06,18.582432999999998,45.171935,56.87913
SAS1412_433,2021-10-07,18.742433,45.490784999999995,56.84313
SAS1412_434,2021-10-08,18.892433,45.46800999999999,56.84013
SAS1412_435,2021-10-09,19.082432999999998,45.545445,56.882130000000004
SAS1412_436,2021-10-10,19.142433,45.130939999999995,56.92613
SAS1412_437,2021-10-11,19.072433,45.16282499999999,56.94913
SAS1412_438,2021-10-12,18.992433,45.16282499999999,56.903130000000004
SAS1412_439,2021-10-13,19.052433,45.272144999999995,56.88713
SAS1412_440,2021-10-14,18.982433,45.22204,56.85313000000001
SAS1412_441,2021-10-15,18.922432999999998,45.20381999999999,56.81613
SAS1412_442,2021-10-16,19.042433,45.51356,56.81313
SAS1412_443,2021-10-17,18.972433,45.176489999999994,56.76813
SAS1412_444,2021-10-18,18.832432999999998,45.290364999999994,56.75613
SAS1412_445,2021-10-19,18.652433,45.47712,56.74113
SAS1412_446,2021-10-20,18.622433,45.376909999999995,56.70913
SAS1412_447,2021-10-21,18.572433,45.299475,56.72513000000001
SAS1412_448,2021-10-22,18.552433,45.36324499999999,56.71413
SAS1412_449,2021-10-23,18.532432999999997,45.16738,56.72113
SAS1412_450,2021-10-24,18.482433,45.144605,56.74813
SAS1412_451,2021-10-25,18.472433,45.349579999999996,56.704130000000006
SAS1412_452,2021-10-26,18.552433,45.481674999999996,56.66613000000001
SAS1412_453,2021-10-27,18.522433,45.16738,56.64313
SAS1412_454,2021-10-28,18.462432999999997,45.454344999999996,56.63313000000001
SAS1412_455,2021-10-29,18.492433,45.43157,56.680130000000005
SAS1412_456,2021-10-30,18.462432999999997,45.463454999999996,56.647130000000004
SAS1412_457,2021-10-31,18.522433,45.12183,56.67913
SAS1412_458,2021-11-01,18.532432999999997,45.31314,56.71513
SAS1412_459,2021-11-02,18.482433,45.34047,56.68813
SAS1412_460,2021-11-03,18.502433,45.55911,56.65713000000001
SAS1412_461,2021-11-04,18.592433,45.376909999999995,56.61113
SAS1412_462,2021-11-05,18.752433,45.399685,56.61413
SAS1412_463,2021-11-06,18.792433,45.376909999999995,56.61513000000001
SAS1412_464,2021-11-07,18.722433,45.185599999999994,56.644130000000004
SAS1412_465,2021-11-08,18.612433,45.32225,56.63113
SAS1412_466,2021-11-09,18.782432999999997,45.16738,56.61213000000001
SAS1412_467,2021-11-10,18.812433,45.55911,56.62213
SAS1412_468,2021-11-11,18.782432999999997,45.253925,56.63613000000001
SAS1412_469,2021-11-12,18.802433,45.349579999999996,56.62413000000001
SAS1412_470,2021-11-13,18.622433,45.53178,56.66613000000001
SAS1412_471,2021-11-14,18.642433,45.44068,56.668130000000005
SAS1412_472,2021-11-15,18.482433,45.2767,56.71613000000001
SAS1412_473,2021-11-16,18.622433,45.185599999999994,56.71013000000001
SAS1412_474,2021-11-17,18.562433,45.208375000000004,56.690129999999996
SAS1412_475,2021-11-18,18.582432999999998,45.181045,56.70213
SAS1412_476,2021-11-19,18.662433,45.41335,56.68113000000001
SAS1412_477,2021-11-20,18.742433,45.135495,56.67013
SAS1412_478,2021-11-21,18.562433,45.408795,56.686130000000006
SAS1412_479,2021-11-22,18.732433,45.235704999999996,56.65513
SAS1412_480,2021-11-23,18.902433,45.4589,56.60913000000001
SAS1412_481,2021-11-24,18.962432999999997,45.499895,56.65213
SAS1412_482,2021-11-25,18.952433,45.24026,56.683130000000006
SAS1412_483,2021-11-26,18.942433,45.126385,56.66413
SAS1412_484,2021-11-27,19.002433,45.31314,56.71013000000001
SAS1412_485,2021-11-28,18.832432999999998,45.253925,56.75213000000001
SAS1412_486,2021-11-29,18.732433,45.31769499999999,56.71313000000001
SAS1412_487,2021-11-30,18.692433,45.577329999999996,56.71113
SAS1412_488,2021-12-01,18.612433,45.24936999999999,56.71613000000001
SAS1412_489,2021-12-02,18.802433,45.263034999999995,56.695130000000006
SAS1412_490,2021-12-03,18.792433,45.23114999999999,56.67313
SAS1412_491,2021-12-04,18.732433,45.44068,56.69413
SAS1412_492,2021-12-05,18.642433,45.208375000000004,56.66913000000001
SAS1412_493,2021-12-06,18.642433,45.26759,56.71513
SAS1412_494,2021-12-07,18.502433,45.436125,56.73113000000001
SAS1412_495,2021-12-08,18.502433,45.190155,56.75013
SAS1412_496,2021-12-09,18.592433,45.33591499999999,56.70213
SAS1412_497,2021-12-10,18.472433,45.55,56.653130000000004
SAS1412_498,2021-12-11,18.562433,45.56822,56.653130000000004
SAS1412_499,2021-12-12,18.462432999999997,45.55911,56.62813
SAS1412_500,2021-12-13,18.512432999999998,45.44978999999999,56.665130000000005
SAS1412_501,2021-12-14,18.612433,45.23114999999999,56.704130000000006
SAS1412_502,2021-12-15,18.802433,45.144605,56.692130000000006
SAS1412_503,2021-12-16,18.882433,45.34047,56.692130000000006
SAS1412_504,2021-12-17,18.712432999999997,45.404239999999994,56.683130000000006
SAS1412_505,2021-12-18,18.702433,45.445235,56.66313000000001
SAS1412_506,2021-12-19,18.632433,45.126385,56.66413
SAS1412_507,2021-12-20,18.502433,45.21293,56.71313000000001
SAS1412_508,2021-12-21,18.512432999999998,45.20381999999999,56.73313
SAS1412_509,2021-12-22,18.522433,45.4589,56.69313
SAS1412_510,2021-12-23,18.542433,45.399685,56.72113
SAS1412_511,2021-12-24,18.522433,45.290364999999994,56.67213000000001
SAS1412_512,2021-12-25,18.522433,45.263034999999995,56.662130000000005
SAS1412_513,2021-12-26,18.652433,45.171935,56.69413
SAS1412_514,2021-12-27,18.782432999999997,45.518115,56.70713000000001
SAS1412_515,2021-12-28,18.652433,45.390575,56.687129999999996
SAS1412_516,2021-12-29,18.662433,45.38602,56.71313000000001
SAS1412_517,2021-12-30,18.532432999999997,45.28581,56.71913000000001
SAS1412_518,2021-12-31,18.542433,45.490784999999995,56.72713
SAS1412_519,2022-01-01,19.952433,45.263034999999995,56.73513
SAS1412_520,2022-01-02,19.962432999999997,45.235704999999996,56.75313
SAS1412_521,2022-01-03,20.102432999999998,45.595549999999996,56.76813
SAS1412_522,2022-01-04,19.992433,45.44978999999999,56.75613
SAS1412_523,2022-01-05,20.172432999999998,45.358689999999996,56.757130000000004
SAS1412_524,2022-01-06,20.242433,45.208375000000004,56.74813
SAS1412_525,2022-01-07,20.412433,45.358689999999996,56.75613
SAS1412_526,2022-01-08,20.272433,45.358689999999996,56.778130000000004
SAS1412_527,2022-01-09,20.142433,45.463454999999996,56.75613
SAS1412_528,2022-01-10,20.102432999999998,45.586439999999996,56.72313
SAS1412_529,2022-01-11,20.262432999999998,45.25848,56.68813
SAS1412_530,2022-01-12,20.162433,45.44978999999999,56.73813
SAS1412_531,2022-01-13,20.232433,45.29492,56.74413
SAS1412_532,2022-01-14,20.212432999999997,45.54089,56.778130000000004
SAS1412_533,2022-01-15,20.402433,45.244814999999996,56.781130000000005
SAS1412_534,2022-01-16,20.362433,45.44068,56.78813000000001
SAS1412_535,2022-01-17,20.282432999999997,45.641099999999994,56.82213
SAS1412_536,2022-01-18,20.342433,45.22204,56.77913000000001
SAS1412_537,2022-01-19,20.432433,45.308584999999994,56.784130000000005
SAS1412_538,2022-01-20,20.432433,45.19471,56.79113000000001
SAS1412_539,2022-01-21,20.372433,45.244814999999996,56.77913000000001
SAS1412_540,2022-01-22,20.362433,45.48623,56.781130000000005
SAS1412_541,2022-01-23,20.362433,45.399685,56.74513
SAS1412_542,2022-01-24,20.292433,45.445235,56.76413000000001
SAS1412_543,2022-01-25,20.392433,45.427015,56.80013000000001
SAS1412_544,2022-01-26,20.442433,45.60010499999999,56.81313
SAS1412_545,2022-01-27,20.302433,45.481674999999996,56.79113000000001
SAS1412_546,2022-01-28,20.372433,45.44978999999999,56.799130000000005
SAS1412_547,2022-01-29,20.302433,45.33136,56.77913000000001
SAS1412_548,2022-01-30,20.142433,45.518115,56.79513
SAS1412_549,2022-01-31,20.222433,45.63199,56.757130000000004
SAS1412_550,2022-02-01,20.362433,45.199265,56.73713000000001
SAS1412_551,2022-02-02,20.372433,45.417905,56.74113
SAS1412_552,2022-02-03,20.352432999999998,45.32225,56.70713000000001
SAS1412_553,2022-02-04,20.392433,45.55455499999999,56.659130000000005
SAS1412_554,2022-02-05,20.412433,45.58188499999999,56.692130000000006
SAS1412_555,2022-02-06,20.392433,45.43157,56.70313
SAS1412_556,2022-02-07,20.382433,45.395129999999995,56.73013
SAS1412_557,2022-02-08,20.332432999999998,45.47712,56.70213
SAS1412_558,2022-02-09,20.412433,45.422459999999994,56.687129999999996
SAS1412_559,2022-02-10,20.272433,45.372355,56.67013
SAS1412_560,2022-02-11,20.422432999999998,45.33591499999999,56.72013
SAS1412_561,2022-02-12,20.432433,45.390575,56.686130000000006
SAS1412_562,2022-02-13,20.262432999999998,45.408795,56.70213
SAS1412_563,2022-02-14,20.322433,45.613769999999995,56.74313000000001
SAS1412_564,2022-02-15,20.122433,45.590995,56.72413
SAS1412_565,2022-02-16,20.002433,45.33591499999999,56.73313
SAS1412_566,2022-02-17,20.162433,45.25848,56.72413
SAS1412_567,2022-02-18,20.122433,45.536334999999994,56.69113
SAS1412_568,2022-02-19,20.082432999999998,45.536334999999994,56.641130000000004
SAS1412_569,2022-02-20,19.952433,45.509004999999995,56.686130000000006
SAS1412_570,2022-02-21,19.892433,45.208375000000004,56.66913000000001
SAS1412_571,2022-02-22,19.922432999999998,45.641099999999994,56.70713000000001
SAS1412_572,2022-02-23,19.842433,45.404239999999994,56.75313
SAS1412_573,2022-02-24,19.682433,45.208375000000004,56.79213
SAS1412_574,2022-02-25,19.662433,45.26759,56.83313
SAS1412_575,2022-02-26,19.532432999999997,45.38602,56.86613
SAS1412_576,2022-02-27,19.562433,45.19471,56.84013
SAS1412_577,2022-02-28,19.732433,45.417905,56.829130000000006
SAS1412_578,2022-03-01,19.612433,45.404239999999994,56.79213
SAS1412_579,2022-03-02,19.732433,45.345025,56.78013
SAS1412_580,2022-03-03,19.852432999999998,45.24936999999999,56.77913000000001
SAS1412_581,2022-03-04,19.902433,45.43157,56.75913
SAS1412_582,2022-03-05,19.762432999999998,45.55,56.757130000000004
SAS1412_583,2022-03-06,19.722433,45.427015,56.78513000000001
SAS1412_584,2022-03-07,19.832432999999998,45.33136,56.80413
SAS1412_585,2022-03-08,19.892433,45.29492,56.82413
SAS1412_586,2022-03-09,19.922432999999998,45.272144999999995,56.78813000000001
SAS1412_587,2022-03-10,19.882433,45.51356,56.74613000000001
SAS1412_588,2022-03-11,20.062433,45.326805,56.77113
SAS1412_589,2022-03-12,20.132433,45.345025,56.73913
SAS1412_590,2022-03-13,20.062433,45.372355,56.77413
SAS1412_591,2022-03-14,20.082432999999998,45.226594999999996,56.805130000000005
SAS1412_592,2022-03-15,20.052433,45.509004999999995,56.77913000000001
SAS1412_593,2022-03-16,19.922432999999998,45.49533999999999,56.81013
SAS1412_594,2022-03-17,20.052433,45.199265,56.78613
SAS1412_595,2022-03-18,20.232433,45.563665,56.802130000000005
SAS1412_596,2022-03-19,20.102432999999998,45.613769999999995,56.78913
SAS1412_597,2022-03-20,19.952433,45.376909999999995,56.811130000000006
SAS1412_598,2022-03-21,19.942433,45.563665,56.84813
SAS1412_599,2022-03-22,19.782432999999997,45.422459999999994,56.85813
SAS1412_600,2022-03-23,19.692433,45.536334999999994,56.814130000000006
SAS1412_601,2022-03-24,19.602432999999998,45.481674999999996,56.84213
SAS1412_602,2022-03-25,19.712432999999997,45.34047,56.87113000000001
SAS1412_603,2022-03-26,19.582432999999998,45.490784999999995,56.83813000000001
SAS1412_604,2022-03-27,19.562433,45.226594999999996,56.85313000000001
SAS1412_605,2022-03-28,19.742433,45.36324499999999,56.82213
SAS1412_606,2022-03-29,19.582432999999998,45.445235,56.86513000000001
SAS1412_607,2022-03-30,19.642433,45.595549999999996,56.87513
SAS1412_608,2022-03-31,19.542433,45.326805,56.88613000000001
SAS1412_609,2022-04-01,19.452433,45.563665,56.912130000000005
SAS1412_610,2022-04-02,19.622433,45.60010499999999,56.954130000000006
SAS1412_611,2022-04-03,19.512432999999998,45.4589,56.97213000000001
SAS1412_612,2022-04-04,19.512432999999998,45.399685,56.93213
SAS1412_613,2022-04-05,19.522433,45.55911,56.89213000000001
SAS1412_614,2022-04-06,19.582432999999998,45.345025,56.92313
SAS1412_615,2022-04-07,19.482433,45.572775,56.915130000000005
SAS1412_616,2022-04-08,19.512432999999998,45.34047,56.951130000000006
SAS1412_617,2022-04-09,19.622433,45.51356,56.96913000000001
SAS1412_618,2022-04-10,19.692433,45.55,56.94613
SAS1412_619,2022-04-11,19.852432999999998,45.4589,56.93413000000001
SAS1412_620,2022-04-12,19.752433,45.58188499999999,56.91013000000001
SAS1412_621,2022-04-13,19.572433,45.3678,56.882130000000004
SAS1412_622,2022-04-14,19.642433,45.20381999999999,56.903130000000004
SAS1412_623,2022-04-15,19.652433,45.62743499999999,56.945130000000006
SAS1412_624,2022-04-16,19.472433,45.518115,56.96413
SAS1412_625,2022-04-17,19.472433,45.60010499999999,56.93413000000001
SAS1412_626,2022-04-18,19.662433,45.38146499999999,56.885130000000004
SAS1412_627,2022-04-19,19.762432999999998,45.49533999999999,56.88413
SAS1412_628,2022-04-20,19.852432999999998,45.41335,56.91913000000001
SAS1412_629,2022-04-21,19.792433,45.51356,56.90113000000001
SAS1412_630,2022-04-22,19.772433,45.31769499999999,56.89913
SAS1412_631,2022-04-23,19.692433,45.31314,56.92913
SAS1412_632,2022-04-24,19.542433,45.509004999999995,56.91113
SAS1412_633,2022-04-25,19.582432999999998,45.636545,56.87413000000001
SAS1412_634,2022-04-26,19.602432999999998,45.472565,56.92013
SAS1412_635,2022-04-27,19.792433,45.21293,56.939130000000006
SAS1412_636,2022-04-28,19.612433,45.509004999999995,56.93513
SAS1412_637,2022-04-29,19.802433,45.22204,56.888130000000004
SAS1412_638,2022-04-30,19.612433,45.33591499999999,56.87613
SAS1412_639,2022-05-01,19.622433,45.58188499999999,56.83213000000001
SAS1412_640,2022-05-02,19.712432999999997,45.427015,56.87513
SAS1412_641,2022-05-03,19.562433,45.518115,56.86513000000001
SAS1412_642,2022-05-04,19.652433,45.577329999999996,56.86413
SAS1412_643,2022-05-05,19.632433,45.345025,56.823130000000006
SAS1412_644,2022-05-06,19.532432999999997,45.55455499999999,56.83913
SAS1412_645,2022-05-07,19.672432999999998,45.217484999999996,56.83613
SAS1412_646,2022-05-08,19.742433,45.30403,56.823130000000006
SAS1412_647,2022-05-09,19.552433,45.4589,56.80013000000001
SAS1412_648,2022-05-10,19.522433,45.572775,56.75413
SAS1412_649,2022-05-11,19.472433,45.38602,56.71213
SAS1412_650,2022-05-12,19.492433,45.563665,56.73413000000001
SAS1412_651,2022-05-13,19.532432999999997,45.527224999999994,56.69913
SAS1412_652,2022-05-14,19.462432999999997,45.28581,56.668130000000005
SAS1412_653,2022-05-15,19.562433,45.60466,56.62513
SAS1412_654,2022-05-16,19.602432999999998,45.31769499999999,56.64913
SAS1412_655,2022-05-17,19.472433,45.49533999999999,56.62013
SAS1412_656,2022-05-18,19.602432999999998,45.490784999999995,56.60513
SAS1412_657,2022-05-19,19.532432999999997,45.41335,56.62813
SAS1412_658,2022-05-20,19.632433,45.235704999999996,56.58113
SAS1412_659,2022-05-21,19.532432999999997,45.408795,56.60213
SAS1412_660,2022-05-22,19.622433,45.28581,56.60513
SAS1412_661,2022-05-23,19.512432999999998,45.51356,56.58913
SAS1412_662,2022-05-24,19.482433,45.31769499999999,56.54213
SAS1412_663,2022-05-25,19.562433,45.62743499999999,56.53313
SAS1412_664,2022-05-26,19.602432999999998,45.20381999999999,56.54513
SAS1412_665,2022-05-27,19.502433,45.299475,56.55313000000001
SAS1412_666,2022-05-28,19.602432999999998,45.217484999999996,56.54213
SAS1412_667,2022-05-29,19.642433,45.253925,56.58813000000001
SAS1412_668,2022-05-30,19.492433,45.21293,56.60813
SAS1412_669,2022-05-31,19.652433,45.586439999999996,56.63913000000001
SAS1412_670,2022-06-01,19.722433,45.63199,56.59513
SAS1412_671,2022-06-02,19.552433,45.33591499999999,56.549130000000005
SAS1412_672,2022-06-03,19.742433,45.272144999999995,56.537130000000005
SAS1412_673,2022-06-04,19.562433,45.472565,56.55313000000001
SAS1412_674,2022-06-05,19.632433,45.395129999999995,56.51113000000001
SAS1412_675,2022-06-06,19.722433,45.58188499999999,56.49113
SAS1412_676,2022-06-07,19.552433,45.38146499999999,56.48313
SAS1412_677,2022-06-08,19.592433,45.62743499999999,56.451130000000006
SAS1412_678,2022-06-09,19.462432999999997,45.590995,56.50013
SAS1412_679,2022-06-10,19.612433,45.46800999999999,56.51213
SAS1412_680,2022-06-11,19.542433,45.48623,56.48113000000001
SAS1412_681,2022-06-12,19.602432999999998,45.436125,56.48913
SAS1412_682,2022-06-13,19.492433,45.244814999999996,56.45713000000001
SAS1412_683,2022-06-14,19.642433,45.244814999999996,56.424130000000005
SAS1412_684,2022-06-15,19.832432999999998,45.422459999999994,56.433130000000006
SAS1412_685,2022-06-16,19.752433,45.641099999999994,56.39613
SAS1412_686,2022-06-17,19.952433,45.217484999999996,56.38613000000001
SAS1412_687,2022-06-18,20.072433,45.217484999999996,56.35713
SAS1412_688,2022-06-19,20.262432999999998,45.609215,56.30713
SAS1412_689,2022-06-20,20.142433,45.50445,56.32513
SAS1412_690,2022-06-21,20.122433,45.618325,56.34213
SAS1412_691,2022-06-22,20.212432999999997,45.481674999999996,56.33013
SAS1412_692,2022-06-23,20.332432999999998,45.536334999999994,56.37013
SAS1412_693,2022-06-24,20.252433,45.50445,56.41313000000001
SAS1412_694,2022-06-25,20.352432999999998,45.54089,56.421130000000005
SAS1412_695,2022-06-26,20.412433,45.20381999999999,56.38113
SAS1412_696,2022-06-27,20.302433,45.25848,56.394130000000004
SAS1412_697,2022-06-28,20.292433,45.52267,56.37313
SAS1412_698,2022-06-29,20.142433,45.454344999999996,56.41713
SAS1412_699,2022-06-30,19.952433,45.354135,56.46113
SAS1412_700,2022-07-01,20.032432999999997,45.390575,56.47513000000001
SAS1412_701,2022-07-02,20.002433,45.263034999999995,56.46213
SAS1412_702,2022-07-03,20.122433,45.622879999999995,56.50213000000001
SAS1412_703,2022-07-04,19.962432999999997,45.63199,56.49513
SAS1412_704,2022-07-05,19.772433,45.51356,56.45513
SAS1412_705,2022-07-06,19.682433,45.38602,56.47213000000001
SAS1412_706,2022-07-07,19.562433,45.609215,56.52013000000001
SAS1412_707,2022-07-08,19.492433,45.563665,56.552130000000005
SAS1412_708,2022-07-09,19.592433,45.208375000000004,56.55313000000001
SAS1412_709,2022-07-10,19.662433,45.417905,56.51813
SAS1412_710,2022-07-11,19.492433,45.454344999999996,56.54513
SAS1412_711,2022-07-12,19.652433,45.427015,56.49613000000001
SAS1412_712,2022-07-13,19.792433,45.645655,56.50813000000001
SAS1412_713,2022-07-14,19.812433,45.24936999999999,56.519130000000004
SAS1412_714,2022-07-15,19.712432999999997,45.445235,56.51413000000001
SAS1412_715,2022-07-16,19.662433,45.34047,56.46613000000001
SAS1412_716,2022-07-17,19.682433,45.290364999999994,56.43813
SAS1412_717,2022-07-18,19.522433,45.244814999999996,56.40113000000001
SAS1412_718,2022-07-19,19.592433,45.577329999999996,56.430130000000005
SAS1412_719,2022-07-20,19.772433,45.395129999999995,56.46613000000001
SAS1412_720,2022-07-21,19.772433,45.31314,56.48213
SAS1412_721,2022-07-22,19.662433,45.31314,56.49813
SAS1412_722,2022-07-23,19.712432999999997,45.44978999999999,56.53513000000001
SAS1412_723,2022-07-24,19.562433,45.2767,56.55713
SAS1412_724,2022-07-25,19.752433,45.436125,56.59813
SAS1412_725,2022-07-26,19.712432999999997,45.345025,56.58713
SAS1412_726,2022-07-27,19.822433,45.48623,56.555130000000005
SAS1412_727,2022-07-28,19.742433,45.29492,56.55413
SAS1412_728,2022-07-29,19.632433,45.31769499999999,56.53613
SAS1412_729,2022-07-30,19.792433,45.31769499999999,56.57413
SAS1412_730,2022-07-31,19.672432999999998,45.30403,56.537130000000005
SAS1412_731,2022-08-01,19.522433,45.408795,56.49413
SAS1412_732,2022-08-02,19.492433,45.65021,56.52013000000001
SAS1412_733,2022-08-03,19.482433,45.46800999999999,56.54213
SAS1412_734,2022-08-04,19.562433,45.622879999999995,56.579130000000006
SAS1412_735,2022-08-05,19.682433,45.51356,56.558130000000006
SAS1412_736,2022-08-06,19.682433,45.609215,56.51213
SAS1412_737,2022-08-07,19.762432999999998,45.509004999999995,56.53013
SAS1412_738,2022-08-08,19.562433,45.636545,56.558130000000006
SAS1412_739,2022-08-09,19.632433,45.618325,56.57113
SAS1412_740,2022-08-10,19.462432999999997,45.21293,56.561130000000006
SAS1412_741,2022-08-11,19.462432999999997,45.26759,56.519130000000004
SAS1412_742,2022-08-12,19.462432999999997,45.208375000000004,56.48413000000001
SAS1412_743,2022-08-13,19.652433,45.51356,56.45813
SAS1412_744,2022-08-14,19.562433,45.308584999999994,56.41713
SAS1412_745,2022-08-15,19.712432999999997,45.25848,56.412130000000005
SAS1412_746,2022-08-16,19.652433,45.47712,56.41313000000001
SAS1412_747,2022-08-17,19.592433,45.641099999999994,56.42913
SAS1412_748,2022-08-18,19.642433,45.55,56.38913000000001
SAS1412_749,2022-08-19,19.822433,45.536334999999994,56.430130000000005
SAS1412_750,2022-08-20,19.792433,45.31314,56.388130000000004
SAS1412_751,2022-08-21,19.762432999999998,45.46800999999999,56.436130000000006
SAS1412_752,2022-08-22,19.902433,45.41335,56.47313
SAS1412_753,2022-08-23,20.092433,45.33136,56.437129999999996
SAS1412_754,2022-08-24,20.042433,45.586439999999996,56.47713
SAS1412_755,2022-08-25,20.002433,45.32225,56.47413
SAS1412_756,2022-08-26,20.132433,45.613769999999995,56.46313000000001
SAS1412_757,2022-08-27,20.032432999999997,45.217484999999996,56.415130000000005
SAS1412_758,2022-08-28,19.832432999999998,45.308584999999994,56.412130000000005
SAS1412_759,2022-08-29,19.652433,45.308584999999994,56.400130000000004
SAS1412_760,2022-08-30,19.842433,45.55455499999999,56.40213
SAS1412_761,2022-08-31,19.832432999999998,45.55455499999999,56.38713
SAS1412_762,2022-09-01,19.912433,45.46800999999999,56.412130000000005
SAS1412_763,2022-09-02,20.002433,45.345025,56.44713
SAS1412_764,2022-09-03,19.812433,45.208375000000004,56.49113
SAS1412_765,2022-09-04,19.772433,45.47712,56.525130000000004
SAS1412_766,2022-09-05,19.752433,45.51356,56.546130000000005
SAS1412_767,2022-09-06,19.582432999999998,45.55455499999999,56.53613
SAS1412_768,2022-09-07,19.772433,45.545445,56.52413
SAS1412_769,2022-09-08,19.762432999999998,45.308584999999994,56.52713
SAS1412_770,2022-09-09,19.672432999999998,45.518115,56.52313000000001
SAS1412_771,2022-09-10,19.812433,45.618325,56.47413
SAS1412_772,2022-09-11,19.832432999999998,45.427015,56.46913000000001
SAS1412_773,2022-09-12,19.822433,45.32225,56.510130000000004
SAS1412_774,2022-09-13,19.692433,45.24026,56.50313
SAS1412_775,2022-09-14,19.882433,45.32225,56.50513000000001
SAS1412_776,2022-09-15,20.062433,45.60010499999999,56.48413000000001
SAS1412_777,2022-09-16,20.142433,45.618325,56.52113
SAS1412_778,2022-09-17,20.062433,45.41335,56.51213
SAS1412_779,2022-09-18,20.212432999999997,45.490784999999995,56.49913000000001
SAS1412_780,2022-09-19,20.052433,45.404239999999994,56.49913000000001
SAS1412_781,2022-09-20,20.032432999999997,45.427015,56.54813
SAS1412_782,2022-09-21,19.942433,45.47712,56.49813
SAS1412_783,2022-09-22,20.042433,45.4589,56.44913
SAS1412_784,2022-09-23,19.992433,45.31314,56.49613000000001
SAS1412_785,2022-09-24,19.842433,45.417905,56.48913
SAS1412_786,2022-09-25,19.672432999999998,45.618325,56.525130000000004
SAS1412_787,2022-09-26,19.612433,45.272144999999995,56.52013000000001
SAS1412_788,2022-09-27,19.782432999999997,45.41335,56.48913
SAS1412_789,2022-09-28,19.782432999999997,45.490784999999995,56.445130000000006
SAS1412_790,2022-09-29,19.892433,45.349579999999996,56.397130000000004
SAS1412_791,2022-09-30,19.822433,45.51356,56.43813
SAS1412_792,2022-10-01,19.652433,45.3678,56.39513000000001
SAS1412_793,2022-10-02,19.542433,45.34047,56.36513000000001
SAS1412_794,2022-10-03,19.462432999999997,45.226594999999996,56.36113
SAS1412_795,2022-10-04,19.632433,45.622879999999995,56.37713000000001
SAS1412_796,2022-10-05,19.522433,45.47712,56.36013
SAS1412_797,2022-10-06,19.452433,45.308584999999994,56.39013
SAS1412_798,2022-10-07,19.582432999999998,45.436125,56.437129999999996
SAS1412_799,2022-10-08,19.722433,45.235704999999996,56.45713000000001
SAS1412_800,2022-10-09,19.822433,45.31769499999999,56.49313000000001
SAS1412_801,2022-10-10,20.012432999999998,45.25848,56.51413000000001
SAS1412_802,2022-10-11,20.062433,45.326805,56.46913000000001
SAS1412_803,2022-10-12,20.232433,45.28581,56.45213
SAS1412_804,2022-10-13,20.242433,45.326805,56.49213
SAS1412_805,2022-10-14,20.182433,45.22204,56.54113000000001
SAS1412_806,2022-10-15,20.022433,45.41335,56.528130000000004
SAS1412_807,2022-10-16,20.012432999999998,45.490784999999995,56.49913000000001
SAS1412_808,2022-10-17,19.902433,45.58188499999999,56.50513000000001
SAS1412_809,2022-10-18,20.002433,45.463454999999996,56.52613000000001
SAS1412_810,2022-10-19,19.872433,45.308584999999994,56.528130000000004
SAS1412_811,2022-10-20,19.822433,45.217484999999996,56.53313
SAS1412_812,2022-10-21,19.962432999999997,45.372355,56.51513
SAS1412_813,2022-10-22,19.942433,45.28581,56.48513
SAS1412_814,2022-10-23,20.122433,45.622879999999995,56.44413
SAS1412_815,2022-10-24,20.132433,45.33136,56.49113
SAS1412_816,2022-10-25,20.272433,45.408795,56.537130000000005
SAS1412_817,2022-10-26,20.212432999999997,45.235704999999996,56.507130000000004
SAS1412_818,2022-10-27,20.212432999999997,45.25848,56.46113
SAS1412_819,2022-10-28,20.152433,45.454344999999996,56.47613
SAS1412_820,2022-10-29,20.072433,45.595549999999996,56.43213
SAS1412_821,2022-10-30,20.122433,45.499895,56.415130000000005
SAS1412_822,2022-10-31,20.102432999999998,45.58188499999999,56.382130000000004
SAS1412_823,2022-11-01,19.912433,45.586439999999996,56.34513
SAS1412_824,2022-11-02,19.742433,45.26759,56.34413000000001
SAS1412_825,2022-11-03,19.622433,45.51356,56.39313
SAS1412_826,2022-11-04,19.782432999999997,45.44978999999999,56.42213000000001
SAS1412_827,2022-11-05,19.652433,45.481674999999996,56.394130000000004
SAS1412_828,2022-11-06,19.572433,45.226594999999996,56.37213
SAS1412_829,2022-11-07,19.462432999999997,45.613769999999995,56.37613
SAS1412_830,2022-11-08,19.472433,45.417905,56.35113
SAS1412_831,2022-11-09,19.592433,45.63199,56.39213000000001
SAS1412_832,2022-11-10,19.512432999999998,45.47712,56.400130000000004
SAS1412_833,2022-11-11,19.542433,45.577329999999996,56.41713
SAS1412_834,2022-11-12,19.532432999999997,45.217484999999996,56.37713000000001
SAS1412_835,2022-11-13,19.522433,45.645655,56.37813
SAS1412_836,2022-11-14,19.452433,45.49533999999999,56.418130000000005
SAS1412_837,2022-11-15,19.532432999999997,45.51356,56.400130000000004
SAS1412_838,2022-11-16,19.562433,45.58188499999999,56.42613
SAS1412_839,2022-11-17,19.692433,45.572775,56.45013
SAS1412_840,2022-11-18,19.812433,45.645655,56.43113000000001
SAS1412_841,2022-11-19,19.932433,45.38602,56.40213
SAS1412_842,2022-11-20,20.042433,45.518115,56.44713
SAS1412_843,2022-11-21,20.042433,45.481674999999996,56.49113
SAS1412_844,2022-11-22,20.172432999999998,45.43157,56.45513
SAS1412_845,2022-11-23,20.102432999999998,45.217484999999996,56.415130000000005
SAS1412_846,2022-11-24,20.082432999999998,45.354135,56.437129999999996
SAS1412_847,2022-11-25,20.152433,45.545445,56.48713000000001
SAS1412_848,2022-11-26,20.012432999999998,45.33591499999999,56.47113
SAS1412_849,2022-11-27,20.182433,45.349579999999996,56.46613000000001
SAS1412_850,2022-11-28,20.052433,45.44978999999999,56.48813
SAS1412_851,2022-11-29,20.102432999999998,45.613769999999995,56.44713
SAS1412_852,2022-11-30,20.002433,45.54089,56.41013000000001
SAS1412_853,2022-12-01,20.102432999999998,45.572775,56.454130000000006
SAS1412_854,2022-12-02,19.972433,45.490784999999995,56.45713000000001
SAS1412_855,2022-12-03,19.842433,45.44978999999999,56.50513000000001
SAS1412_856,2022-12-04,19.752433,45.390575,56.510130000000004
SAS1412_857,2022-12-05,19.752433,45.636545,56.48013
SAS1412_858,2022-12-06,19.692433,45.26759,56.47313
SAS1412_859,2022-12-07,19.522433,45.50445,56.49513
SAS1412_860,2022-12-08,19.642433,45.613769999999995,56.44913
SAS1412_861,2022-12-09,19.672432999999998,45.58188499999999,56.48613
SAS1412_862,2022-12-10,19.682433,45.499895,56.49313000000001
SAS1412_863,2022-12-11,19.642433,45.32225,56.50513000000001
SAS1412_864,2022-12-12,19.452433,45.590995,56.51413000000001
SAS1412_865,2022-12-13,19.582432999999998,45.427015,56.54813
SAS1412_866,2022-12-14,19.572433,45.577329999999996,56.59313
SAS1412_867,2022-12-15,19.632433,45.24026,56.61913
SAS1412_868,2022-12-16,19.682433,45.199265,56.63413
SAS1412_869,2022-12-17,19.532432999999997,45.53178,56.61713
SAS1412_870,2022-12-18,19.662433,45.25848,56.59613
SAS1412_871,2022-12-19,19.492433,45.354135,56.60713
SAS1412_872,2022-12-20,19.512432999999998,45.622879999999995,56.59913
SAS1412_873,2022-12-21,19.502433,45.226594999999996,56.56913
SAS1412_874,2022-12-22,19.532432999999997,45.390575,56.561130000000006
SAS1412_875,2022-12-23,19.732433,45.253925,56.56913
SAS1412_876,2022-12-24,19.882433,45.613769999999995,56.57813
SAS1412_877,2022-12-25,19.832432999999998,45.22204,56.60713
SAS1412_878,2022-12-26,19.932433,45.422459999999994,56.632130000000004
SAS1412_879,2022-12-27,20.012432999999998,45.3678,56.650130000000004
SAS1412_880,2022-12-28,19.962432999999997,45.36324499999999,56.67013
SAS1412_881,2022-12-29,19.962432999999997,45.376909999999995,56.686130000000006
SAS1412_882,2022-12-30,19.992433,45.417905,56.653130000000004
SAS1412_883,2022-12-31,20.172432999999998,45.20381999999999,56.677130000000005
SAS1412_884,2023-01-01,20.952433,45.873405,56.644130000000004
SAS1412_885,2023-01-02,21.002433,45.809635,56.67913
SAS1412_886,2023-01-03,20.932433,45.80508,56.63113
SAS1412_887,2023-01-04,20.952433,45.709424999999996,56.60213
SAS1412_888,2023-01-05,20.782432999999997,45.672985,56.565129999999996
SAS1412_889,2023-01-06,20.892433,45.727644999999995,56.60213
SAS1412_890,2023-01-07,20.862433,45.58188499999999,56.558130000000006
SAS1412_891,2023-01-08,20.742433,45.499895,56.54713000000001
SAS1412_892,2023-01-09,20.912433,45.590995,56.507130000000004
SAS1412_893,2023-01-10,20.772433,45.609215,56.53913
SAS1412_894,2023-01-11,20.772433,45.80508,56.49213
SAS1412_895,2023-01-12,20.572433,45.791415,56.52113
SAS1412_896,2023-01-13,20.552433,45.613769999999995,56.55113
SAS1412_897,2023-01-14,20.682433,45.877959999999995,56.50113
SAS1412_898,2023-01-15,20.702433,45.86885,56.54113000000001
SAS1412_899,2023-01-16,20.802433,45.905289999999994,56.52913000000001
SAS1412_900,2023-01-17,20.962432999999997,45.882515,56.55613000000001
SAS1412_901,2023-01-18,20.902433,45.873405,56.59713000000001
SAS1412_902,2023-01-19,20.862433,45.590995,56.549130000000005
SAS1412_903,2023-01-20,20.902433,45.72309,56.59413000000001
SAS1412_904,2023-01-21,20.932433,45.472565,56.638130000000004
SAS1412_905,2023-01-22,20.852432999999998,45.86885,56.63613000000001
SAS1412_906,2023-01-23,21.012432999999998,45.882515,56.59013
SAS1412_907,2023-01-24,21.022433,45.60010499999999,56.60013000000001
SAS1412_908,2023-01-25,20.982433,45.572775,56.58713
SAS1412_909,2023-01-26,20.792433,45.572775,56.62913
SAS1412_910,2023-01-27,20.822433,45.81874499999999,56.65213
SAS1412_911,2023-01-28,20.722433,45.72309,56.63313000000001
SAS1412_912,2023-01-29,20.572433,45.622879999999995,56.650130000000004
SAS1412_913,2023-01-30,20.532432999999997,45.55,56.635130000000004
SAS1412_914,2023-01-31,20.512432999999998,45.745864999999995,56.61013
SAS1412_915,2023-02-01,20.592433,45.682095,56.60913000000001
SAS1412_916,2023-02-02,20.552433,45.622879999999995,56.63713
SAS1412_917,2023-02-03,20.702433,45.668429999999994,56.644130000000004
SAS1412_918,2023-02-04,20.622433,45.79597,56.60013000000001
SAS1412_919,2023-02-05,20.562433,45.572775,56.57413
SAS1412_920,2023-02-06,20.492433,45.672985,56.59013
SAS1412_921,2023-02-07,20.582432999999998,45.659319999999994,56.54213
SAS1412_922,2023-02-08,20.762432999999998,45.80052499999999,56.49613000000001
SAS1412_923,2023-02-09,20.652433,45.782305,56.53313
SAS1412_924,2023-02-10,20.482433,45.499895,56.513130000000004
SAS1412_925,2023-02-11,20.492433,45.46800999999999,56.53313
SAS1412_926,2023-02-12,20.492433,45.80508,56.54113000000001
SAS1412_927,2023-02-13,20.452433,45.79597,56.537130000000005
SAS1412_928,2023-02-14,20.522433,45.832409999999996,56.54513
SAS1412_929,2023-02-15,20.682433,45.832409999999996,56.561130000000006
SAS1412_930,2023-02-16,20.862433,45.613769999999995,56.51813
SAS1412_931,2023-02-17,21.002433,45.73219999999999,56.49113
SAS1412_932,2023-02-18,21.142433,45.472565,56.45513
SAS1412_933,2023-02-19,21.282432999999997,45.882515,56.46513
SAS1412_934,2023-02-20,21.092433,45.490784999999995,56.44413
SAS1412_935,2023-02-21,21.232433,45.72309,56.48313
SAS1412_936,2023-02-22,21.192433,45.81874499999999,56.448130000000006
SAS1412_937,2023-02-23,21.232433,45.75042,56.46313000000001
SAS1412_938,2023-02-24,21.332432999999998,45.76864,56.45213
SAS1412_939,2023-02-25,21.412433,45.77775,56.47613
SAS1412_940,2023-02-26,21.262432999999998,45.809635,56.52013000000001
SAS1412_941,2023-02-27,21.072433,45.472565,56.54513
SAS1412_942,2023-02-28,21.022433,45.72309,56.58213000000001
SAS1412_943,2023-03-01,21.182433,45.53178,56.63013000000001
SAS1412_944,2023-03-02,21.182433,45.791415,56.638130000000004
SAS1412_945,2023-03-03,21.332432999999998,45.736755,56.61513000000001
SAS1412_946,2023-03-04,21.222433,45.809635,56.56913
SAS1412_947,2023-03-05,21.332432999999998,45.887069999999994,56.61013
SAS1412_948,2023-03-06,21.272433,45.609215,56.60713
SAS1412_949,2023-03-07,21.412433,45.80508,56.62813
SAS1412_950,2023-03-08,21.292433,45.70487,56.641130000000004
SAS1412_951,2023-03-09,21.182433,45.50445,56.650130000000004
SAS1412_952,2023-03-10,21.162433,45.73219999999999,56.64513000000001
SAS1412_953,2023-03-11,21.212432999999997,45.86885,56.65413000000001
SAS1412_954,2023-03-12,21.142433,45.622879999999995,56.662130000000005
SAS1412_955,2023-03-13,21.082432999999998,45.700314999999996,56.67513000000001
SAS1412_956,2023-03-14,21.152433,45.499895,56.66613000000001
SAS1412_957,2023-03-15,21.032432999999997,45.773194999999994,56.71413
SAS1412_958,2023-03-16,21.122433,45.909845,56.71713
SAS1412_959,2023-03-17,21.142433,45.545445,56.69913
SAS1412_960,2023-03-18,21.132433,45.841519999999996,56.67813000000001
SAS1412_961,2023-03-19,21.002433,45.590995,56.698130000000006
SAS1412_962,2023-03-20,21.132433,45.613769999999995,56.66613000000001
SAS1412_963,2023-03-21,21.202433,45.545445,56.63013000000001
SAS1412_964,2023-03-22,21.392433,45.536334999999994,56.60713
SAS1412_965,2023-03-23,21.422432999999998,45.841519999999996,56.58713
SAS1412_966,2023-03-24,21.392433,45.55,56.552130000000005
SAS1412_967,2023-03-25,21.312433,45.52267,56.570130000000006
SAS1412_968,2023-03-26,21.432433,45.545445,56.59813
SAS1412_969,2023-03-27,21.392433,45.823299999999996,56.638130000000004
SAS1412_970,2023-03-28,21.432433,45.814189999999996,56.63713
SAS1412_971,2023-03-29,21.422432999999998,45.727644999999995,56.68113000000001
SAS1412_972,2023-03-30,21.402433,45.536334999999994,56.641130000000004
SAS1412_973,2023-03-31,21.442433,45.527224999999994,56.61413
SAS1412_974,2023-04-01,21.372433,45.85063,56.66113
SAS1412_975,2023-04-02,21.392433,45.659319999999994,56.70713000000001
SAS1412_976,2023-04-03,21.372433,45.586439999999996,56.70513
SAS1412_977,2023-04-04,21.222433,45.864295,56.71013000000001
SAS1412_978,2023-04-05,21.382433,45.586439999999996,56.67513000000001
SAS1412_979,2023-04-06,21.342433,45.67754,56.65113000000001
SAS1412_980,2023-04-07,21.242433,45.736755,56.665130000000005
SAS1412_981,2023-04-08,21.392433,45.827855,56.61913
SAS1412_982,2023-04-09,21.282432999999997,45.864295,56.58113
SAS1412_983,2023-04-10,21.182433,45.80508,56.552130000000005
SAS1412_984,2023-04-11,20.992433,45.855185,56.54713000000001
SAS1412_985,2023-04-12,20.872433,45.809635,56.51513
SAS1412_986,2023-04-13,20.952433,45.659319999999994,56.50913
SAS1412_987,2023-04-14,20.762432999999998,45.80508,56.49213
SAS1412_988,2023-04-15,20.862433,45.55911,56.50613
SAS1412_989,2023-04-16,20.842433,45.69576,56.51113000000001
SAS1412_990,2023-04-17,20.802433,45.905289999999994,56.47313
SAS1412_991,2023-04-18,20.942433,45.877959999999995,56.47513000000001
SAS1412_992,2023-04-19,20.872433,45.609215,56.47113
SAS1412_993,2023-04-20,20.792433,45.563665,56.42913
SAS1412_994,2023-04-21,20.722433,45.823299999999996,56.46713
SAS1412_995,2023-04-22,20.802433,45.609215,56.50913
SAS1412_996,2023-04-23,20.822433,45.809635,56.48613
SAS1412_997,2023-04-24,20.752433,45.80052499999999,56.528130000000004
SAS1412_998,2023-04-25,20.792433,45.754974999999995,56.56013
SAS1412_999,2023-04-26,20.952433,45.764085,56.51713000000001
SAS1412_1000,2023-04-27,20.812433,45.55455499999999,56.52913000000001
SAS1412_1001,2023-04-28,20.752433,45.47712,56.561130000000006
SAS1412_1002,2023-04-29,20.562433,45.745864999999995,56.562129999999996
SAS1412_1003,2023-04-30,20.592433,45.80052499999999,56.54813
SAS1412_1004,2023-05-01,20.502433,45.873405,56.59613
SAS1412_1005,2023-05-02,20.542433,45.481674999999996,56.63913000000001
SAS1412_1006,2023-05-03,20.472433,45.56822,56.60213
SAS1412_1007,2023-05-04,20.512432999999998,45.595549999999996,56.63113
SAS1412_1008,2023-05-05,20.632433,45.52267,56.62513
SAS1412_1009,2023-05-06,20.702433,45.709424999999996,56.62813
SAS1412_1010,2023-05-07,20.612433,45.80508,56.62513
SAS1412_1011,2023-05-08,20.502433,45.791415,56.65813
SAS1412_1012,2023-05-09,20.692433,45.490784999999995,56.66413
SAS1412_1013,2023-05-10,20.832432999999998,45.63199,56.689130000000006
SAS1412_1014,2023-05-11,20.782432999999997,45.641099999999994,56.70713000000001
SAS1412_1015,2023-05-12,20.802433,45.69576,56.69313
SAS1412_1016,2023-05-13,20.912433,45.65021,56.65113000000001
SAS1412_1017,2023-05-14,20.922432999999998,45.76864,56.61313
SAS1412_1018,2023-05-15,20.732433,45.672985,56.65713000000001
SAS1412_1019,2023-05-16,20.562433,45.900735,56.63713
SAS1412_1020,2023-05-17,20.582432999999998,45.823299999999996,56.671130000000005
SAS1412_1021,2023-05-18,20.562433,45.84607499999999,56.644130000000004
SAS1412_1022,2023-05-19,20.532432999999997,45.49533999999999,56.59413000000001
SAS1412_1023,2023-05-20,20.582432999999998,45.668429999999994,56.60013000000001
SAS1412_1024,2023-05-21,20.482433,45.727644999999995,56.56913
SAS1412_1025,2023-05-22,20.542433,45.71397999999999,56.56613
SAS1412_1026,2023-05-23,20.562433,45.78686,56.573130000000006
SAS1412_1027,2023-05-24,20.452433,45.764085,56.62113000000001
SAS1412_1028,2023-05-25,20.472433,45.4589,56.63313000000001
SAS1412_1029,2023-05-26,20.672432999999998,45.78686,56.63913000000001
SAS1412_1030,2023-05-27,20.662433,45.78686,56.64613
SAS1412_1031,2023-05-28,20.752433,45.53178,56.668130000000005
SAS1412_1032,2023-05-29,20.742433,45.49533999999999,56.68813
SAS1412_1033,2023-05-30,20.862433,45.668429999999994,56.68113000000001
SAS1412_1034,2023-05-31,20.782432999999997,45.814189999999996,56.67013
SAS1412_1035,2023-06-01,20.962432999999997,45.900735,56.64913
SAS1412_1036,2023-06-02,20.762432999999998,45.672985,56.62313
SAS1412_1037,2023-06-03,20.952433,45.672985,56.62313
SAS1412_1038,2023-06-04,20.912433,45.841519999999996,56.67013
SAS1412_1039,2023-06-05,21.022433,45.645655,56.66113
SAS1412_1040,2023-06-06,21.052433,45.727644999999995,56.704130000000006
SAS1412_1041,2023-06-07,20.882433,45.595549999999996,56.70913
SAS1412_1042,2023-06-08,20.812433,45.645655,56.70213
SAS1412_1043,2023-06-09,20.822433,45.887069999999994,56.68113000000001
SAS1412_1044,2023-06-10,20.862433,45.65021,56.695130000000006
SAS1412_1045,2023-06-11,20.892433,45.85063,56.704130000000006
SAS1412_1046,2023-06-12,21.002433,45.877959999999995,56.69613
SAS1412_1047,2023-06-13,21.072433,45.609215,56.71513
SAS1412_1048,2023-06-14,21.042433,45.909845,56.71613000000001
SAS1412_1049,2023-06-15,21.012432999999998,45.4589,56.72513000000001
SAS1412_1050,2023-06-16,20.892433,45.73219999999999,56.77013000000001
SAS1412_1051,2023-06-17,21.072433,45.71397999999999,56.73113000000001
SAS1412_1052,2023-06-18,21.112433,45.700314999999996,56.77613000000001
SAS1412_1053,2023-06-19,21.282432999999997,45.4589,56.78013
SAS1412_1054,2023-06-20,21.162433,45.691205,56.815129999999996
SAS1412_1055,2023-06-21,21.362433,45.727644999999995,56.79513
SAS1412_1056,2023-06-22,21.272433,45.84607499999999,56.76713000000001
SAS1412_1057,2023-06-23,21.432433,45.595549999999996,56.72613
SAS1412_1058,2023-06-24,21.442433,45.572775,56.690129999999996
SAS1412_1059,2023-06-25,21.442433,45.859739999999995,56.72213000000001
SAS1412_1060,2023-06-26,21.412433,45.67754,56.67313
SAS1412_1061,2023-06-27,21.292433,45.841519999999996,56.62913
SAS1412_1062,2023-06-28,21.402433,45.47712,56.635130000000004
SAS1412_1063,2023-06-29,21.332432999999998,45.73219999999999,56.63713
SAS1412_1064,2023-06-30,21.262432999999998,45.691205,56.60013000000001
SAS1412_1065,2023-07-01,21.372433,45.859739999999995,56.59913
SAS1412_1066,2023-07-02,21.362433,45.50445,56.61713
SAS1412_1067,2023-07-03,21.342433,45.463454999999996,56.66113
SAS1412_1068,2023-07-04,21.432433,45.855185,56.698130000000006
SAS1412_1069,2023-07-05,21.292433,45.654765,56.73813
SAS1412_1070,2023-07-06,21.352432999999998,45.809635,56.74313000000001
SAS1412_1071,2023-07-07,21.342433,45.53178,56.73213
SAS1412_1072,2023-07-08,21.382433,45.754974999999995,56.75013
SAS1412_1073,2023-07-09,21.182433,45.67754,56.75613
SAS1412_1074,2023-07-10,21.232433,45.682095,56.72713
SAS1412_1075,2023-07-11,21.202433,45.636545,56.686130000000006
SAS1412_1076,2023-07-12,21.012432999999998,45.499895,56.65213
SAS1412_1077,2023-07-13,21.192433,45.618325,56.67313
SAS1412_1078,2023-07-14,21.172432999999998,45.84607499999999,56.647130000000004
SAS1412_1079,2023-07-15,21.042433,45.51356,56.60413
SAS1412_1080,2023-07-16,20.972433,45.518115,56.58313
SAS1412_1081,2023-07-17,20.782432999999997,45.509004999999995,56.62913
SAS1412_1082,2023-07-18,20.582432999999998,45.672985,56.63313000000001
SAS1412_1083,2023-07-19,20.592433,45.50445,56.61213000000001
SAS1412_1084,2023-07-20,20.592433,45.782305,56.61413
SAS1412_1085,2023-07-21,20.722433,45.782305,56.59413000000001
SAS1412_1086,2023-07-22,20.852432999999998,45.77775,56.64213000000001
SAS1412_1087,2023-07-23,20.822433,45.709424999999996,56.60213
SAS1412_1088,2023-07-24,20.742433,45.859739999999995,56.58113
SAS1412_1089,2023-07-25,20.882433,45.77775,56.57713
SAS1412_1090,2023-07-26,20.702433,45.53178,56.531130000000005
SAS1412_1091,2023-07-27,20.712432999999997,45.764085,56.555130000000005
SAS1412_1092,2023-07-28,20.882433,45.527224999999994,56.549130000000005
SAS1412_1093,2023-07-29,20.922432999999998,45.89618,56.54713000000001
SAS1412_1094,2023-07-30,20.872433,45.659319999999994,56.579130000000006
SAS1412_1095,2023-07-31,20.812433,45.586439999999996,56.558130000000006
SAS1412_1096,2023-08-01,21.012432999999998,45.81874499999999,56.58913
SAS1412_1097,2023-08-02,20.842433,45.76864,56.632130000000004
SAS1412_1098,2023-08-03,20.892433,45.463454999999996,56.64813000000001
SAS1412_1099,2023-08-04,20.752433,45.864295,56.64613
SAS1412_1100,2023-08-05,20.832432999999998,45.809635,56.62313
SAS1412_1101,2023-08-06,21.012432999999998,45.62743499999999,56.59713000000001
SAS1412_1102,2023-08-07,20.922432999999998,45.72309,56.59513
SAS1412_1103,2023-08-08,21.112433,45.499895,56.55713
SAS1412_1104,2023-08-09,21.122433,45.659319999999994,56.53913
SAS1412_1105,2023-08-10,21.122433,45.536334999999994,56.579130000000006
SAS1412_1106,2023-08-11,21.042433,45.463454999999996,56.565129999999996
SAS1412_1107,2023-08-12,21.182433,45.47712,56.522130000000004
SAS1412_1108,2023-08-13,21.232433,45.663875,56.48813
SAS1412_1109,2023-08-14,21.312433,45.691205,56.52613000000001
SAS1412_1110,2023-08-15,21.342433,45.663875,56.48513
SAS1412_1111,2023-08-16,21.222433,45.663875,56.45213
SAS1412_1112,2023-08-17,21.142433,45.645655,56.41413
SAS1412_1113,2023-08-18,21.272433,45.518115,56.418130000000005
SAS1412_1114,2023-08-19,21.252433,45.51356,56.397130000000004
SAS1412_1115,2023-08-20,21.152433,45.53178,56.39613
SAS1412_1116,2023-08-21,21.292433,45.54089,56.439130000000006
SAS1412_1117,2023-08-22,21.392433,45.832409999999996,56.46913000000001
SAS1412_1118,2023-08-23,21.402433,45.53178,56.46113
SAS1412_1119,2023-08-24,21.212432999999997,45.682095,56.43213
SAS1412_1120,2023-08-25,21.022433,45.63199,56.45213
SAS1412_1121,2023-08-26,21.092433,45.641099999999994,56.46113
SAS1412_1122,2023-08-27,20.892433,45.472565,56.440129999999996
SAS1412_1123,2023-08-28,20.842433,45.89162499999999,56.39313
SAS1412_1124,2023-08-29,20.862433,45.48623,56.39313
SAS1412_1125,2023-08-30,21.022433,45.490784999999995,56.39013
SAS1412_1126,2023-08-31,21.192433,45.622879999999995,56.436130000000006
SAS1412_1127,2023-09-01,21.352432999999998,45.49533999999999,56.44613
SAS1412_1128,2023-09-02,21.252433,45.572775,56.44613
SAS1412_1129,2023-09-03,21.212432999999997,45.71397999999999,56.44113
SAS1412_1130,2023-09-04,21.372433,45.659319999999994,56.454130000000006
SAS1412_1131,2023-09-05,21.332432999999998,45.855185,56.42613
SAS1412_1132,2023-09-06,21.362433,45.75042,56.424130000000005
SAS1412_1133,2023-09-07,21.382433,45.663875,56.39613
SAS1412_1134,2023-09-08,21.372433,45.700314999999996,56.35413
SAS1412_1135,2023-09-09,21.392433,45.791415,56.32113
SAS1412_1136,2023-09-10,21.362433,45.595549999999996,56.35913000000001
SAS1412_1137,2023-09-11,21.362433,45.58188499999999,56.40713000000001
SAS1412_1138,2023-09-12,21.402433,45.77775,56.409130000000005
SAS1412_1139,2023-09-13,21.422432999999998,45.65021,56.39613
SAS1412_1140,2023-09-14,21.332432999999998,45.527224999999994,56.412130000000005
SAS1412_1141,2023-09-15,21.252433,45.454344999999996,56.40113000000001
SAS1412_1142,2023-09-16,21.112433,45.54089,56.430130000000005
SAS1412_1143,2023-09-17,21.192433,45.481674999999996,56.391130000000004
SAS1412_1144,2023-09-18,21.092433,45.85063,56.42813000000001
SAS1412_1145,2023-09-19,20.952433,45.49533999999999,56.45213
SAS1412_1146,2023-09-20,21.032432999999997,45.50445,56.41613000000001
SAS1412_1147,2023-09-21,20.842433,45.73219999999999,56.38413
SAS1412_1148,2023-09-22,20.722433,45.65021,56.34513
SAS1412_1149,2023-09-23,20.622433,45.490784999999995,56.35113
SAS1412_1150,2023-09-24,20.592433,45.481674999999996,56.37913
SAS1412_1151,2023-09-25,20.782432999999997,45.823299999999996,56.39913
SAS1412_1152,2023-09-26,20.762432999999998,45.85063,56.41613000000001
SAS1412_1153,2023-09-27,20.942433,45.472565,56.45313
SAS1412_1154,2023-09-28,20.842433,45.641099999999994,56.50013
SAS1412_1155,2023-09-29,20.782432999999997,45.563665,56.53513000000001
SAS1412_1156,2023-09-30,20.652433,45.55,56.567130000000006
SAS1412_1157,2023-10-01,20.602432999999998,45.905289999999994,56.60713
SAS1412_1158,2023-10-02,20.642433,45.609215,56.644130000000004
SAS1412_1159,2023-10-03,20.772433,45.609215,56.67813000000001
SAS1412_1160,2023-10-04,20.742433,45.55911,56.71013000000001
SAS1412_1161,2023-10-05,20.682433,45.654765,56.680130000000005
SAS1412_1162,2023-10-06,20.492433,45.905289999999994,56.71813
SAS1412_1163,2023-10-07,20.652433,45.73219999999999,56.68113000000001
SAS1412_1164,2023-10-08,20.592433,45.563665,56.66413
SAS1412_1165,2023-10-09,20.512432999999998,45.472565,56.62313
SAS1412_1166,2023-10-10,20.562433,45.905289999999994,56.63913000000001
SAS1412_1167,2023-10-11,20.472433,45.618325,56.677130000000005
SAS1412_1168,2023-10-12,20.482433,45.50445,56.67013
SAS1412_1169,2023-10-13,20.562433,45.859739999999995,56.638130000000004
SAS1412_1170,2023-10-14,20.532432999999997,45.609215,56.59513
SAS1412_1171,2023-10-15,20.602432999999998,45.47712,56.61613
SAS1412_1172,2023-10-16,20.602432999999998,45.60466,56.63013000000001
SAS1412_1173,2023-10-17,20.792433,45.791415,56.59713000000001
SAS1412_1174,2023-10-18,20.842433,45.472565,56.62413000000001
SAS1412_1175,2023-10-19,20.982433,45.85063,56.66713
SAS1412_1176,2023-10-20,20.962432999999997,45.718535,56.71613000000001
SAS1412_1177,2023-10-21,21.082432999999998,45.668429999999994,56.74313000000001
SAS1412_1178,2023-10-22,21.192433,45.81874499999999,56.76113000000001
SAS1412_1179,2023-10-23,21.012432999999998,45.773194999999994,56.77113
SAS1412_1180,2023-10-24,20.942433,45.60466,56.72413
SAS1412_1181,2023-10-25,21.072433,45.51356,56.692130000000006
SAS1412_1182,2023-10-26,21.132433,45.518115,56.67913
SAS1412_1183,2023-10-27,21.112433,45.887069999999994,56.665130000000005
SAS1412_1184,2023-10-28,21.072433,45.72309,56.69613
SAS1412_1185,2023-10-29,21.042433,45.887069999999994,56.680130000000005
SAS1412_1186,2023-10-30,20.972433,45.905289999999994,56.67313
SAS1412_1187,2023-10-31,21.092433,45.859739999999995,56.650130000000004
SAS1412_1188,2023-11-01,21.112433,45.58188499999999,56.66913000000001
SAS1412_1189,2023-11-02,20.952433,45.590995,56.69913
SAS1412_1190,2023-11-03,20.792433,45.773194999999994,56.71713
SAS1412_1191,2023-11-04,20.692433,45.754974999999995,56.68513
SAS1412_1192,2023-11-05,20.802433,45.590995,56.72613
SAS1412_1193,2023-11-06,20.832432999999998,45.79597,56.677130000000005
SAS1412_1194,2023-11-07,20.702433,45.814189999999996,56.67513000000001
SAS1412_1195,2023-11-08,20.552433,45.48623,56.70213
SAS1412_1196,2023-11-09,20.672432999999998,45.791415,56.73213
SAS1412_1197,2023-11-10,20.552433,45.55,56.73013
SAS1412_1198,2023-11-11,20.512432999999998,45.563665,56.73213
SAS1412_1199,2023-11-12,20.592433,45.55455499999999,56.71713
SAS1412_1200,2023-11-13,20.652433,45.764085,56.72513000000001
SAS1412_1201,2023-11-14,20.692433,45.55,56.763130000000004
SAS1412_1202,2023-11-15,20.822433,45.909845,56.77613000000001
SAS1412_1203,2023-11-16,20.722433,45.823299999999996,56.74013000000001
SAS1412_1204,2023-11-17,20.882433,45.823299999999996,56.73813
SAS1412_1205,2023-11-18,20.842433,45.527224999999994,56.74513
SAS1412_1206,2023-11-19,20.812433,45.67754,56.70313
SAS1412_1207,2023-11-20,20.712432999999997,45.905289999999994,56.67813000000001
SAS1412_1208,2023-11-21,20.782432999999997,45.75042,56.64513000000001
SAS1412_1209,2023-11-22,20.932433,45.887069999999994,56.60013000000001
SAS1412_1210,2023-11-23,20.942433,45.53178,56.55913000000001
SAS1412_1211,2023-11-24,21.072433,45.827855,56.54513
SAS1412_1212,2023-11-25,21.072433,45.49533999999999,56.57513
SAS1412_1213,2023-11-26,21.182433,45.463454999999996,56.61013
SAS1412_1214,2023-11-27,21.292433,45.782305,56.61213000000001
SAS1412_1215,2023-11-28,21.412433,45.563665,56.59213
SAS1412_1216,2023-11-29,21.452433,45.700314999999996,56.57413
SAS1412_1217,2023-11-30,21.412433,45.71397999999999,56.61413
SAS1412_1218,2023-12-01,21.252433,45.859739999999995,56.56613
SAS1412_1219,2023-12-02,21.322433,45.67754,56.55313000000001
SAS1412_1220,2023-12-03,21.132433,45.618325,56.570130000000006
SAS1412_1221,2023-12-04,20.932433,45.887069999999994,56.59613
SAS1412_1222,2023-12-05,20.782432999999997,45.55911,56.59513
SAS1412_1223,2023-12-06,20.912433,45.691205,56.61713
SAS1412_1224,2023-12-07,21.042433,45.490784999999995,56.59913
SAS1412_1225,2023-12-08,21.142433,45.545445,56.56813
SAS1412_1226,2023-12-09,21.202433,45.754974999999995,56.52913000000001
SAS1412_1227,2023-12-10,21.222433,45.72309,56.565129999999996
SAS1412_1228,2023-12-11,21.332432999999998,45.78686,56.59113000000001
SAS1412_1229,2023-12-12,21.172432999999998,45.65021,56.58913
SAS1412_1230,2023-12-13,21.352432999999998,45.859739999999995,56.62713000000001
SAS1412_1231,2023-12-14,21.382433,45.47712,56.66613000000001
SAS1412_1232,2023-12-15,21.442433,45.527224999999994,56.644130000000004
SAS1412_1233,2023-12-16,21.372433,45.654765,56.65413000000001
SAS1412_1234,2023-12-17,21.292433,45.622879999999995,56.680130000000005
SAS1412_1235,2023-12-18,21.382433,45.81874499999999,56.695130000000006
SAS1412_1236,2023-12-19,21.332432999999998,45.754974999999995,56.701130000000006
SAS1412_1237,2023-12-20,21.362433,45.46800999999999,56.74713
SAS1412_1238,2023-12-21,21.262432999999998,45.823299999999996,56.778130000000004
SAS1412_1239,2023-12-22,21.312433,45.855185,56.81913
SAS1412_1240,2023-12-23,21.232433,45.864295,56.84513
SAS1412_1241,2023-12-24,21.132433,45.572775,56.87113000000001
SAS1412_1242,2023-12-25,21.102432999999998,45.80052499999999,56.888130000000004
SAS1412_1243,2023-12-26,21.292433,45.46800999999999,56.888130000000004
SAS1412_1244,2023-12-27,21.382433,45.60466,56.912130000000005
SAS1412_1245,2023-12-28,21.242433,45.590995,56.95913
SAS1412_1246,2023-12-29,21.272433,45.905289999999994,56.948130000000006
SAS1412_1247,2023-12-30,21.262432999999998,45.78686,56.92913
SAS1412_1248,2023-12-31,21.112433,45.509004999999995,56.91613000000001
SAS1412_1249,2024-01-01,20.952433,45.636545,56.92613
SAS1412_1250,2024-01-02,20.882433,45.518115,56.885130000000004
SAS1412_1251,2024-01-03,20.892433,45.481674999999996,56.89813000000001
SAS1412_1252,2024-01-04,20.942433,45.49533999999999,56.93413000000001
SAS1412_1253,2024-01-05,20.832432999999998,45.563665,56.94913
SAS1412_1254,2024-01-06,20.992433,45.69576,56.97513000000001
SAS1412_1255,2024-01-07,21.072433,45.545445,57.00213000000001
SAS1412_1256,2024-01-08,20.992433,45.509004999999995,57.04113000000001
SAS1412_1257,2024-01-09,21.002433,45.905289999999994,57.03613
SAS1412_1258,2024-01-10,20.972433,45.55911,57.03813000000001
SAS1412_1259,2024-01-11,20.992433,45.613769999999995,57.01213
SAS1412_1260,2024-01-12,21.162433,45.53178,56.97513000000001
SAS1412_1261,2024-01-13,21.352432999999998,45.709424999999996,56.99613000000001
SAS1412_1262,2024-01-14,21.222433,45.92351,56.97913
SAS1412_1263,2024-01-15,21.412433,45.618325,57.00513000000001
SAS1412_1264,2024-01-16,21.392433,45.773194999999994,57.03313
SAS1412_1265,2024-01-17,21.432433,45.50445,56.99613000000001
SAS1412_1266,2024-01-18,21.282432999999997,45.864295,56.98413000000001
SAS1412_1267,2024-01-19,21.222433,45.79597,56.97113
SAS1412_1268,2024-01-20,21.202433,45.70487,56.924130000000005
SAS1412_1269,2024-01-21,21.392433,45.577329999999996,56.92913
SAS1412_1270,2024-01-22,21.342433,45.709424999999996,56.92013
SAS1412_1271,2024-01-23,21.282432999999997,45.918955,56.924130000000005
SAS1412_1272,2024-01-24,21.272433,45.909845,56.936130000000006
SAS1412_1273,2024-01-25,21.392433,45.67754,56.95513
SAS1412_1274,2024-01-26,21.252433,45.682095,56.93213
SAS1412_1275,2024-01-27,21.092433,45.841519999999996,56.98013
SAS1412_1276,2024-01-28,21.142433,45.736755,57.00213000000001
SAS1412_1277,2024-01-29,21.102432999999998,45.882515,56.99213
SAS1412_1278,2024-01-30,21.122433,45.641099999999994,56.95313
SAS1412_1279,2024-01-31,21.082432999999998,45.75042,56.98213
SAS1412_1280,2024-02-01,20.972433,45.859739999999995,56.99513
SAS1412_1281,2024-02-02,20.902433,45.832409999999996,57.037130000000005
SAS1412_1282,2024-02-03,20.762432999999998,45.809635,57.010130000000004
SAS1412_1283,2024-02-04,20.622433,45.55911,57.049130000000005
SAS1412_1284,2024-02-05,20.742433,45.700314999999996,57.05413
SAS1412_1285,2024-02-06,20.732433,45.499895,57.03313
SAS1412_1286,2024-02-07,20.892433,45.877959999999995,57.05013000000001
SAS1412_1287,2024-02-08,20.862433,45.727644999999995,57.03313
SAS1412_1288,2024-02-09,20.702433,45.89618,56.99713
SAS1412_1289,2024-02-10,20.722433,45.68664999999999,56.99513
SAS1412_1290,2024-02-11,20.702433,45.595549999999996,57.02413
SAS1412_1291,2024-02-12,20.872433,45.55455499999999,57.00613
SAS1412_1292,2024-02-13,21.002433,45.577329999999996,57.02413
SAS1412_1293,2024-02-14,21.152433,45.572775,57.01713000000001
SAS1412_1294,2024-02-15,21.052433,45.56822,56.99713
SAS1412_1295,2024-02-16,20.962432999999997,45.764085,56.98013
SAS1412_1296,2024-02-17,20.872433,45.613769999999995,56.948130000000006
SAS1412_1297,2024-02-18,20.952433,45.836965,56.903130000000004
SAS1412_1298,2024-02-19,21.052433,45.75952999999999,56.91713
SAS1412_1299,2024-02-20,21.222433,45.900735,56.96113
SAS1412_1300,2024-02-21,21.372433,45.65021,56.97213000000001
SAS1412_1301,2024-02-22,21.362433,45.659319999999994,56.96413
SAS1412_1302,2024-02-23,21.372433,45.909845,57.010130000000004
SAS1412_1303,2024-02-24,21.282432999999997,45.909845,56.99413
SAS1412_1304,2024-02-25,21.372433,45.79597,56.96713
SAS1412_1305,2024-02-26,21.232433,45.55911,56.96313000000001
SAS1412_1306,2024-02-27,21.172432999999998,45.55911,56.94713
SAS1412_1307,2024-02-28,21.162433,45.74131,56.903130000000004
SAS1412_1308,2024-02-29,20.962432999999997,45.636545,56.88613000000001
SAS1412_1309,2024-03-01,20.812433,45.55,56.85513
SAS1412_1310,2024-03-02,20.942433,45.672985,56.82213
SAS1412_1311,2024-03-03,21.082432999999998,45.62743499999999,56.796130000000005
SAS1412_1312,2024-03-04,21.142433,45.52267,56.820130000000006
SAS1412_1313,2024-03-05,21.072433,45.641099999999994,56.784130000000005
SAS1412_1314,2024-03-06,21.052433,45.60466,56.79813
SAS1412_1315,2024-03-07,21.232433,45.63199,56.84313
SAS1412_1316,2024-03-08,21.292433,45.887069999999994,56.84913
SAS1412_1317,2024-03-09,21.422432999999998,45.72309,56.85113
SAS1412_1318,2024-03-10,21.322433,45.9144,56.85613000000001
SAS1412_1319,2024-03-11,21.142433,45.60466,56.81613
SAS1412_1320,2024-03-12,21.132433,45.709424999999996,56.811130000000006
SAS1412_1321,2024-03-13,21.242433,45.918955,56.793130000000005
SAS1412_1322,2024-03-14,21.232433,45.54089,56.77913000000001
SAS1412_1323,2024-03-15,21.392433,45.855185,56.811130000000006
SAS1412_1324,2024-03-16,21.282432999999997,45.613769999999995,56.84213
SAS1412_1325,2024-03-17,21.372433,45.490784999999995,56.86413
SAS1412_1326,2024-03-18,21.312433,45.764085,56.83713
SAS1412_1327,2024-03-19,21.432433,45.50445,56.81913
SAS1412_1328,2024-03-20,21.342433,45.89618,56.85513
SAS1412_1329,2024-03-21,21.372433,45.727644999999995,56.87613
SAS1412_1330,2024-03-22,21.202433,45.887069999999994,56.915130000000005
SAS1412_1331,2024-03-23,21.372433,45.841519999999996,56.939130000000006
SAS1412_1332,2024-03-24,21.232433,45.51356,56.948130000000006
SAS1412_1333,2024-03-25,21.192433,45.62743499999999,56.96313000000001
SAS1412_1334,2024-03-26,20.992433,45.73219999999999,56.99113
SAS1412_1335,2024-03-27,20.802433,45.68664999999999,57.01813
SAS1412_1336,2024-03-28,20.782432999999997,45.905289999999994,57.037130000000005
SAS1412_1337,2024-03-29,20.962432999999997,45.47712,57.06013
SAS1412_1338,2024-03-30,20.942433,45.53178,57.09113000000001
SAS1412_1339,2024-03-31,20.952433,45.754974999999995,57.11713
SAS1412_1340,2024-04-01,21.122433,45.509004999999995,57.12313
SAS1412_1341,2024-04-02,21.032432999999997,45.74131,57.08413
SAS1412_1342,2024-04-03,20.912433,45.481674999999996,57.07513
SAS1412_1343,2024-04-04,21.062433,45.71397999999999,57.10313000000001
SAS1412_1344,2024-04-05,21.042433,45.754974999999995,57.12313
SAS1412_1345,2024-04-06,21.012432999999998,45.672985,57.12313
SAS1412_1346,2024-04-07,21.072433,45.700314999999996,57.12313
SAS1412_1347,2024-04-08,21.132433,45.48623,57.12313
SAS1412_1348,2024-04-09,21.322433,45.791415,57.12313
SAS1412_1349,2024-04-10,21.362433,45.832409999999996,57.11213000000001
SAS1412_1350,2024-04-11,21.282432999999997,45.47712,57.09313
SAS1412_1351,2024-04-12,21.332432999999998,45.622879999999995,57.09913
SAS1412_1352,2024-04-13,21.302433,45.52267,57.12313
SAS1412_1353,2024-04-14,21.442433,45.709424999999996,57.12313
SAS1412_1354,2024-04-15,21.292433,45.791415,57.09413000000001
SAS1412_1355,2024-04-16,21.262432999999998,45.791415,57.079130000000006
SAS1412_1356,2024-04-17,21.242433,45.718535,57.07513
SAS1412_1357,2024-04-18,21.232433,45.56822,57.10513
SAS1412_1358,2024-04-19,21.422432999999998,45.609215,57.070130000000006
SAS1412_1359,2024-04-20,21.272433,45.80052499999999,57.05413
SAS1412_1360,2024-04-21,21.172432999999998,45.56822,57.10113
SAS1412_1361,2024-04-22,21.312433,45.618325,57.067130000000006
SAS1412_1362,2024-04-23,21.292433,45.69576,57.02913000000001
SAS1412_1363,2024-04-24,21.352432999999998,45.72309,57.061130000000006
SAS1412_1364,2024-04-25,21.322433,45.527224999999994,57.05313000000001
SAS1412_1365,2024-04-26,21.392433,45.595549999999996,57.02913000000001
SAS1412_1366,2024-04-27,21.292433,45.859739999999995,57.07513
SAS1412_1367,2024-04-28,21.322433,45.909845,57.04413000000001
SAS1412_1368,2024-04-29,21.222433,45.773194999999994,57.08513000000001
SAS1412_1369,2024-04-30,21.082432999999998,45.58188499999999,57.08913
SAS1412_1370,2024-05-01,21.222433,45.841519999999996,57.11713
SAS1412_1371,2024-05-02,21.102432999999998,45.622879999999995,57.11813000000001
SAS1412_1372,2024-05-03,21.082432999999998,45.663875,57.12113000000001
SAS1412_1373,2024-05-04,21.022433,45.764085,57.07213
SAS1412_1374,2024-05-05,21.142433,45.887069999999994,57.11613
SAS1412_1375,2024-05-06,21.302433,45.89162499999999,57.07813
SAS1412_1376,2024-05-07,21.272433,45.51356,57.065129999999996
SAS1412_1377,2024-05-08,21.192433,45.745864999999995,57.03813000000001
SAS1412_1378,2024-05-09,21.362433,45.68664999999999,57.03513000000001
SAS1412_1379,2024-05-10,21.362433,45.745864999999995,57.02313000000001
SAS1412_1380,2024-05-11,21.452433,45.86885,56.99113
SAS1412_1381,2024-05-12,21.322433,45.54089,56.94313
SAS1412_1382,2024-05-13,21.442433,45.518115,56.90113000000001
SAS1412_1383,2024-05-14,21.332432999999998,45.527224999999994,56.945130000000006
SAS1412_1384,2024-05-15,21.282432999999997,45.595549999999996,56.94313
SAS1412_1385,2024-05-16,21.422432999999998,45.55455499999999,56.97613
SAS1412_1386,2024-05-17,21.332432999999998,45.636545,56.93513
SAS1412_1387,2024-05-18,21.272433,45.84607499999999,56.97413
SAS1412_1388,2024-05-19,21.372433,45.80052499999999,56.97313
SAS1412_1389,2024-05-20,21.202433,45.814189999999996,56.95713000000001
SAS1412_1390,2024-05-21,21.372433,45.85063,56.940129999999996
SAS1412_1391,2024-05-22,21.422432999999998,45.654765,56.94413
SAS1412_1392,2024-05-23,21.432433,45.92351,56.90513
SAS1412_1393,2024-05-24,21.322433,45.691205,56.897130000000004
SAS1412_1394,2024-05-25,21.332432999999998,45.814189999999996,56.86813000000001
SAS1412_1395,2024-05-26,21.332432999999998,45.905289999999994,56.906130000000005
SAS1412_1396,2024-05-27,21.262432999999998,45.75042,56.89913
SAS1412_1397,2024-05-28,21.232433,45.68664999999999,56.90813
SAS1412_1398,2024-05-29,21.362433,45.9144,56.88313000000001
SAS1412_1399,2024-05-30,21.322433,45.832409999999996,56.87013
SAS1412_1400,2024-05-31,21.312433,45.700314999999996,56.87113000000001
SAS1412_1401,2024-06-01,21.212432999999997,45.691205,56.85413
SAS1412_1402,2024-06-02,21.172432999999998,45.69576,56.81613
SAS1412_1403,2024-06-03,21.032432999999997,45.928065,56.85213
SAS1412_1404,2024-06-04,20.842433,45.73219999999999,56.90113000000001
SAS1412_1405,2024-06-05,20.932433,45.93261999999999,56.91013000000001
SAS1412_1406,2024-06-06,20.832432999999998,45.709424999999996,56.91913000000001
SAS1412_1407,2024-06-07,21.022433,45.80508,56.933130000000006
SAS1412_1408,2024-06-08,21.002433,45.814189999999996,56.90413000000001
SAS1412_1409,2024-06-09,20.812433,45.618325,56.95213
SAS1412_1410,2024-06-10,20.942433,45.481674999999996,56.95813
SAS1412_1411,2024-06-11,20.862433,45.563665,56.96113
SAS1412_1412,2024-06-12,21.032432999999997,45.877959999999995,56.91613000000001
SAS1412_1413,2024-06-13,20.922432999999998,45.823299999999996,56.897130000000004
SAS1412_1414,2024-06-14,20.852432999999998,45.918955,56.92013
SAS1412_1415,2024-06-15,20.662433,45.58188499999999,56.87413000000001
SAS1412_1416,2024-06-16,20.642433,45.654765,56.84313
SAS1412_1417,2024-06-17,20.702433,45.645655,56.87513
SAS1412_1418,2024-06-18,20.592433,45.55911,56.91613000000001
SAS1412_1419,2024-06-19,20.772433,45.900735,56.937129999999996
SAS1412_1420,2024-06-20,20.862433,45.882515,56.93513
SAS1412_1421,2024-06-21,20.932433,45.49533999999999,56.94113
SAS1412_1422,2024-06-22,20.782432999999997,45.49533999999999,56.90113000000001
SAS1412_1423,2024-06-23,20.982433,45.509004999999995,56.92913
SAS1412_1424,2024-06-24,20.802433,45.86885,56.97813000000001
SAS1412_1425,2024-06-25,20.612433,45.80052499999999,56.94113
SAS1412_1426,2024-06-26,20.452433,45.668429999999994,56.94613
SAS1412_1427,2024-06-27,20.642433,45.69576,56.99013000000001
SAS1412_1428,2024-06-28,20.622433,45.56822,56.99513
SAS1412_1429,2024-06-29,20.752433,45.85063,56.98013
SAS1412_1430,2024-06-30,20.632433,45.68664999999999,56.99413
SAS1412_1431,2024-07-01,20.782432999999997,45.663875,57.028130000000004
SAS1412_1432,2024-07-02,20.732433,45.92351,57.02313000000001
SAS1412_1433,2024-07-03,20.892433,45.49533999999999,57.00013
SAS1412_1434,2024-07-04,20.912433,45.572775,56.98213
SAS1412_1435,2024-07-05,21.092433,45.48623,56.97413
SAS1412_1436,2024-07-06,20.912433,45.54089,57.00113
SAS1412_1437,2024-07-07,20.752433,45.654765,57.043130000000005
SAS1412_1438,2024-07-08,20.702433,45.67754,57.05113
SAS1412_1439,2024-07-09,20.502433,45.499895,57.076130000000006
SAS1412_1440,2024-07-10,20.532432999999997,45.609215,57.06813
SAS1412_1441,2024-07-11,20.652433,45.75952999999999,57.10013000000001
SAS1412_1442,2024-07-12,20.792433,45.85063,57.055130000000005
SAS1412_1443,2024-07-13,20.822433,45.668429999999994,57.062129999999996
SAS1412_1444,2024-07-14,20.952433,45.77775,57.10813
SAS1412_1445,2024-07-15,20.762432999999998,45.773194999999994,57.12113000000001
SAS1412_1446,2024-07-16,20.912433,45.577329999999996,57.12313
SAS1412_1447,2024-07-17,20.862433,45.709424999999996,57.07813
SAS1412_1448,2024-07-18,20.832432999999998,45.700314999999996,57.10713
SAS1412_1449,2024-07-19,20.662433,45.499895,57.12313
SAS1412_1450,2024-07-20,20.672432999999998,45.81874499999999,57.12313
SAS1412_1451,2024-07-21,20.792433,45.928065,57.12313
SAS1412_1452,2024-07-22,20.892433,45.709424999999996,57.12313
SAS1412_1453,2024-07-23,20.712432999999997,45.70487,57.09613
SAS1412_1454,2024-07-24,20.522433,45.754974999999995,57.12313
SAS1412_1455,2024-07-25,20.662433,45.76864,57.12313
SAS1412_1456,2024-07-26,20.832432999999998,45.672985,57.12313
SAS1412_1457,2024-07-27,20.912433,45.73219999999999,57.08913
SAS1412_1458,2024-07-28,20.972433,45.78686,57.065129999999996
SAS1412_1459,2024-07-29,21.032432999999997,45.645655,57.02113
SAS1412_1460,2024-07-30,20.892433,45.641099999999994,57.02613000000001
SAS1412_1461,2024-07-31,20.902433,45.60466,57.01713000000001
SAS1412_1462,2024-08-01,20.942433,45.56822,56.99113
SAS1412_1463,2024-08-02,21.062433,45.595549999999996,57.016130000000004
SAS1412_1464,2024-08-03,20.942433,45.823299999999996,56.99913000000001
SAS1412_1465,2024-08-04,20.762432999999998,45.909845,56.99313000000001
SAS1412_1466,2024-08-05,20.962432999999997,45.791415,57.00413
SAS1412_1467,2024-08-06,20.882433,45.55,57.016130000000004
SAS1412_1468,2024-08-07,20.772433,45.773194999999994,56.96813
SAS1412_1469,2024-08-08,20.652433,45.590995,56.93813
SAS1412_1470,2024-08-09,20.752433,45.85063,56.88913000000001
SAS1412_1471,2024-08-10,20.642433,45.53178,56.89213000000001
SAS1412_1472,2024-08-11,20.792433,45.791415,56.86313
SAS1412_1473,2024-08-12,20.922432999999998,45.63199,56.82213
SAS1412_1474,2024-08-13,20.862433,45.92351,56.812129999999996
SAS1412_1475,2024-08-14,20.772433,45.81874499999999,56.769130000000004
SAS1412_1476,2024-08-15,20.892433,45.71397999999999,56.78513000000001
SAS1412_1477,2024-08-16,20.752433,45.67754,56.74413
SAS1412_1478,2024-08-17,20.822433,45.859739999999995,56.74413
SAS1412_1479,2024-08-18,20.952433,45.859739999999995,56.79213
SAS1412_1480,2024-08-19,21.002433,45.736755,56.79713000000001
SAS1412_1481,2024-08-20,21.122433,45.900735,56.83813000000001
SAS1412_1482,2024-08-21,21.042433,45.80052499999999,56.88113
SAS1412_1483,2024-08-22,21.052433,45.809635,56.85213
SAS1412_1484,2024-08-23,21.022433,45.81874499999999,56.86213000000001
SAS1412_1485,2024-08-24,20.992433,45.827855,56.84013
SAS1412_1486,2024-08-25,20.872433,45.736755,56.80313000000001
SAS1412_1487,2024-08-26,20.812433,45.62743499999999,56.81313
SAS1412_1488,2024-08-27,20.942433,45.85063,56.811130000000006
SAS1412_1489,2024-08-28,21.072433,45.609215,56.78313
SAS1412_1490,2024-08-29,21.222433,45.518115,56.75913
SAS1412_1491,2024-08-30,21.142433,45.736755,56.74613000000001
SAS1412_1492,2024-08-31,20.982433,45.481674999999996,56.74313000000001
SAS1412_1493,2024-09-01,20.812433,45.832409999999996,56.74813
SAS1412_1494,2024-09-02,20.702433,45.709424999999996,56.72913
SAS1412_1495,2024-09-03,20.832432999999998,45.490784999999995,56.760130000000004
SAS1412_1496,2024-09-04,20.722433,45.74131,56.790130000000005
SAS1412_1497,2024-09-05,20.822433,45.595549999999996,56.793130000000005
SAS1412_1498,2024-09-06,20.812433,45.827855,56.79413000000001
SAS1412_1499,2024-09-07,20.682433,45.864295,56.796130000000005
SAS1412_1500,2024-09-08,20.672432999999998,45.873405,56.83813000000001
SAS1412_1501,2024-09-09,20.762432999999998,45.659319999999994,56.817130000000006
SAS1412_1502,2024-09-10,20.572433,45.905289999999994,56.83913
SAS1412_1503,2024-09-11,20.692433,45.709424999999996,56.82413
SAS1412_1504,2024-09-12,20.732433,45.527224999999994,56.85013000000001
SAS1412_1505,2024-09-13,20.922432999999998,45.545445,56.80313000000001
SAS1412_1506,2024-09-14,21.062433,45.49533999999999,56.815129999999996
SAS1412_1507,2024-09-15,21.162433,45.668429999999994,56.78913
SAS1412_1508,2024-09-16,21.092433,45.823299999999996,56.75513000000001
SAS1412_1509,2024-09-17,20.962432999999997,45.645655,56.80313000000001
SAS1412_1510,2024-09-18,20.832432999999998,45.590995,56.79413000000001
SAS1412_1511,2024-09-19,21.032432999999997,45.58188499999999,56.79513
SAS1412_1512,2024-09-20,21.212432999999997,45.609215,56.84213
SAS1412_1513,2024-09-21,21.292433,45.814189999999996,56.812129999999996
SAS1412_1514,2024-09-22,21.172432999999998,45.53178,56.86213000000001
SAS1412_1515,2024-09-23,21.352432999999998,45.65021,56.85013000000001
SAS1412_1516,2024-09-24,21.172432999999998,45.909845,56.811130000000006
SAS1412_1517,2024-09-25,21.012432999999998,45.509004999999995,56.793130000000005
SAS1412_1518,2024-09-26,20.932433,45.55455499999999,56.760130000000004
SAS1412_1519,2024-09-27,20.802433,45.832409999999996,56.75513000000001
SAS1412_1520,2024-09-28,20.852432999999998,45.80508,56.79113000000001
SAS1412_1521,2024-09-29,20.942433,45.509004999999995,56.80113
SAS1412_1522,2024-09-30,20.982433,45.645655,56.805130000000005
